,省,市县,经度,纬度,编号
0,上海市,上海上海 经度,121.48,31.22,0
1,上海市,上海嘉定 经度,121.24,31.4,0
2,上海市,上海宝山 经度,121.48,31.41,0
3,上海市,上海川沙 经度,121.7,31.19,0
4,上海市,上海南汇 经度,121.76,31.05,0
5,上海市,上海奉贤 经度,121.46,30.92,0
6,上海市,上海松江 经度,121.24,31.0,0
7,上海市,上海金山 经度,121.16,30.89,0
8,上海市,上海青浦 经度,121.1,31.15,0
9,上海市,上海崇明 经度,121.4,31.73,0
10,云南省,云南昆明 经度,102.73,25.04,1
11,云南省,云南富民 经度,102.48,25.21,1
12,云南省,云南晋宁 经度,102.58,24.68,1
13,云南省,云南呈贡 经度,102.79,24.9,1
14,云南省,云南安宁 经度,102.44,24.95,1
15,云南省,云南昭通 经度,103.7,29.32,1
16,云南省,云南永善 经度,103.63,28.22,1
17,云南省,云南大关 经度,103.91,27.74,1
18,云南省,云南彝良 经度,104.06,27.61,1
19,云南省,云南鲁甸 经度,103.54,27.21,1
20,云南省,云南绥江 经度,103.97,28.58,1
21,云南省,云南盐津 经度,104.28,28.08,1
22,云南省,云南威信 经度,105.05,27.85,1
23,云南省,云南镇雄 经度,104.86,27.42,1
24,云南省,云南巧家 经度,102.92,26.9,1
25,云南省,云南永富 经度,104.38,28.62,1
26,云南省,云南曲靖 经度,103.79,25.51,1
27,云南省,云南宣威 经度,104.09,26.24,1
28,云南省,云南富源 经度,104.24,25.67,1
29,云南省,云南师宗 经度,103.97,24.85,1
30,云南省,云南嵩明 经度,103.03,25.35,1
31,云南省,云南会泽 经度,103.27,26.41,1
32,云南省,云南沽益 经度,103.82,25.62,1
33,云南省,云南罗平 经度,104.3,24.88,1
34,云南省,云南陆良 经度,104.64,25.04,1
35,云南省,云南宜良 经度,103.12,24.9,1
36,云南省,云南马龙 经度,103.61,25.41,1
37,云南省,云南路南 经度,103.24,24.77,1
38,云南省,云南寻甸 经度,103.25,25.56,1
39,云南省,云南玉溪 经度,102.52,24.35,1
40,云南省,云南华宁 经度,102.93,24.26,1
41,云南省,云南通海 经度,102.75,24.09,1
42,云南省,云南澄江 经度,102.91,24.68,1
43,云南省,云南江川 经度,102.73,24.27,1
44,云南省,云南易门 经度,102.15,24.67,1
45,云南省,云南元江 经度,102.0,23.59,1
46,云南省,云南新平 经度,101.98,24.06,1
47,云南省,云南峨山 经度,102.38,24.16,1
48,云南省,云南思茅 经度,101.0,22.79,1
49,云南省,云南普洱 经度,101.03,23.07,1
50,云南省,云南镇沅 经度,100.88,23.9,1
51,云南省,云南景东 经度,100.82,24.42,1
52,云南省,云南景谷 经度,100.71,23.5,1
53,云南省,云南黑江 经度,101.71,23.4,1
54,云南省,云南澜沦 经度,99.97,22.55,1
55,云南省,云南西盟 经度,99.47,22.73,1
56,云南省,云南江城 经度,101.88,22.58,1
57,云南省,云南孟连 经度,99.55,22.32,1
58,云南省,云南临沦 经度,100.09,23.88,1
59,云南省,云南云县 经度,100.12,24.44,1
60,云南省,云南镇康 经度,99.02,23.92,1
61,云南省,云南永德 经度,99.25,24.03,1
62,云南省,云南凤庆 经度,99.92,24.58,1
63,云南省,云南双江 经度,99.85,23.45,1
64,云南省,云南沧源 经度,99.24,23.15,1
65,云南省,云南耿马 经度,99.41,23.56,1
66,云南省,云南保由 经度,99.18,25.12,1
67,云南省,云南施甸 经度,99.15,24.69,1
68,云南省,云南腾冲 经度,98.51,25.01,1
69,云南省,云南昌宁 经度,99.61,24.82,1
70,云南省,云南龙陵 经度,98.7,24.58,1
71,云南省,云南丽江 经度,100.25,26.86,1
72,云南省,云南华坪 经度,101.24,26.63,1
73,云南省,云南永胜 经度,100.76,26.71,1
74,云南省,云南宁蒗 经度,100.82,27.29,1
75,云南省,云南文山 经度,104.24,23.37,1
76,云南省,云南广南 经度,105.09,24.05,1
77,云南省,云南西畴 经度,104.68,23.42,1
78,云南省,云南麻栗坡 经度,104.71,23.12,1
79,云南省,云南马关 经度,104.4,23.01,1
80,云南省,云南丘北 经度,104.19,24.03,1
81,云南省,云南砚山 经度,104.35,23.62,1
82,云南省,云南富宁 经度,105.6,23.62,1
83,云南省,云南个旧 经度,102.43,23.35,1
84,云南省,云南弥勒 经度,103.43,24.41,1
85,云南省,云南蒙自 经度,103.41,23.36,1
86,云南省,云南元阳 经度,102.81,23.17,1
87,云南省,云南红河 经度,102.42,23.35,1
88,云南省,云南石屏 经度,102.48,23.73,1
89,云南省,云南泸西 经度,103.76,24.52,1
90,云南省,云南金平 经度,103.24,22.77,1
91,云南省,云南开远 经度,103.23,23.7,1
92,云南省,云南绿春 经度,102.42,23.01,1
93,云南省,云南建水 经度,102.79,23.64,1
94,云南省,云南河口 经度,103.98,22.52,1
95,云南省,云南屏边 经度,103.67,22.68,1
96,云南省,云南景淇 经度,100.79,22.0,1
97,云南省,云南勐海 经度,100.5,21.95,1
98,云南省,云南勐腊 经度,101.56,21.48,1
99,云南省,云南楚雄 经度,101.54,25.01,1
100,云南省,云南元谋 经度,101.85,25.7,1
101,云南省,云南武定 经度,102.36,25.55,1
102,云南省,云南禄丰 经度,102.08,25.15,1
103,云南省,云南南华 经度,101.26,25.21,1
104,云南省,云南大姚 经度,101.34,25.73,1
105,云南省,云南永仁 经度,101.7,26.07,1
106,云南省,云南禄劝 经度,102.45,25.58,1
107,云南省,云南牟定 经度,101.58,25.32,1
108,云南省,云南双柏 经度,101.67,24.68,1
109,云南省,云南姚安 经度,101.24,25.4,1
110,云南省,云南下关 经度,100.24,25.45,1
111,云南省,云南剑川 经度,99.88,26.53,1
112,云南省,云南洱源 经度,99.94,26.1,1
113,云南省,云南宾川 经度,100.55,25.82,1
114,云南省,云南弥渡 经度,100.52,25.34,1
115,云南省,云南永平 经度,99.52,25.45,1
116,云南省,云南鹤庆 经度,100.18,26.55,1
117,云南省,云南大理 经度,100.19,25.69,1
118,云南省,云南漾濞 经度,99.98,25.68,1
119,云南省,云南云龙 经度,99.39,25.9,1
120,云南省,云南祥云 经度,100.56,25.48,1
121,云南省,云南巍山 经度,100.33,25.23,1
122,云南省,云南南涧 经度,100.51,25.04,1
123,云南省,云南潞西 经度,98.6,24.41,1
124,云南省,云南陇川 经度,97.96,24.33,1
125,云南省,云南盈江 经度,97.93,24.69,1
126,云南省,云南畹町 经度,98.08,24.08,1
127,云南省,云南瑞丽 经度,97.83,24.0,1
128,云南省,云南梁河 经度,98.3,24.78,1
129,云南省,云南泸水 经度,98.82,25.97,1
130,云南省,云南碧江 经度,98.95,26.55,1
131,云南省,云南福贡 经度,98.92,26.89,1
132,云南省,云南兰坪 经度,99.29,26.49,1
133,云南省,云南贡山 经度,98.65,27.73,1
134,云南省,云南中甸 经度,99.72,27.78,1
135,云南省,云南德钦 经度,98.93,28.49,1
136,云南省,云南维西 经度,99.27,27.15,1
137,其它岛屿省,其它岛屿钓鱼岛 经度,123.33,25.0,2
138,其它岛屿省,其它岛屿黄岩岛 经度,117.51,15.07,2
139,内蒙古省,内蒙古呼和浩特 经度,111.65,40.82,3
140,内蒙古省,内蒙古上默特左旗 经度,111.13,40.72,3
141,内蒙古省,内蒙古托克托 经度,111.15,40.28,3
142,内蒙古省,内蒙古包头 经度,110.0,40.58,3
143,内蒙古省,内蒙古上默特右旗 经度,110.52,40.55,3
144,内蒙古省,内蒙古固阳 经度,110.03,41.03,3
145,内蒙古省,内蒙古乌海 经度,106.82,39.67,3
146,内蒙古省,内蒙古集宁 经度,113.08,41.03,3
147,内蒙古省,内蒙古兴和 经度,113.97,40.88,3
148,内蒙古省,内蒙古清水河 经度,111.65,39.92,3
149,内蒙古省,内蒙古武川 经度,111.42,41.12,3
150,内蒙古省,内蒙古卓资 经度,112.52,40.93,3
151,内蒙古省,内蒙古商都 经度,113.53,41.58,3
152,内蒙古省,内蒙古丰镇 经度,113.15,40.45,3
153,内蒙古省,内蒙古凉城 经度,112.48,40.52,3
154,内蒙古省,内蒙古和林格尔 经度,111.8,40.4,3
155,内蒙古省,内蒙古化德 经度,114.0,41.9,3
156,内蒙古省,内蒙古四子王旗 经度,111.68,41.37,3
157,内蒙古省,内蒙古二连浩特 经度,111.96,43.65,3
158,内蒙古省,内蒙古阿巴哈纳尔旗 经度,116.08,43.95,3
159,内蒙古省,内蒙古多伦 经度,116.48,42.18,3
160,内蒙古省,内蒙古阿巴嘎旗 经度,114.97,44.03,3
161,内蒙古省,内蒙古西乌珠穆沁旗 经度,117.58,44.6,3
162,内蒙古省,内蒙古东乌珠穆沁旗 经度,116.97,45.53,3
163,内蒙古省,内蒙古苏尼特左旗 经度,113.7,43.85,3
164,内蒙古省,内蒙古苏尼特右旗 经度,112.95,42.47,3
165,内蒙古省,内蒙古太仆寺旗 经度,115.3,41.9,3
166,内蒙古省,内蒙古正镶白旗 经度,115.0,42.32,3
167,内蒙古省,内蒙古正蓝旗 经度,116.02,42.25,3
168,内蒙古省,内蒙古镶黄旗 经度,113.83,42.25,3
169,内蒙古省,内蒙古海拉尔 经度,119.73,29.22,3
170,内蒙古省,内蒙古满洲里 经度,117.47,49.58,3
171,内蒙古省,内蒙古陈巴尔虎旗 经度,119.45,49.33,3
172,内蒙古省,内蒙古额尔古纳右旗 经度,120.08,50.45,3
173,内蒙古省,内蒙古额尔古纳左旗 经度,121.52,50.8,3
174,内蒙古省,内蒙古喜桂图旗 经度,120.73,49.3,3
175,内蒙古省,内蒙古阿荣旗 经度,123.5,48.13,3
176,内蒙古省,内蒙古布特哈旗 经度,122.78,47.98,3
177,内蒙古省,内蒙古新巴尔虎左旗 经度,116.82,48.67,3
178,内蒙古省,内蒙古新巴尔虎右旗 经度,118.23,48.22,3
179,内蒙古省,内蒙古鄂伦春自治旗 经度,123.7,50.58,3
180,内蒙古省,内蒙古通辽 经度,122.28,43.63,3
181,内蒙古省,内蒙古开鲁 经度,121.32,43.62,3
182,内蒙古省,内蒙古库伦旗 经度,121.75,42.72,3
183,内蒙古省,内蒙古奈曼旗 经度,120.65,42.85,3
184,内蒙古省,内蒙古扎鲁特旗 经度,120.87,44.55,3
185,内蒙古省,内蒙古赤峰 经度,118.87,42.28,3
186,内蒙古省,内蒙古宁城 经度,119.32,41.62,3
187,内蒙古省,内蒙古林西 经度,118.02,43.62,3
188,内蒙古省,内蒙古喀喇沁旗 经度,118.67,41.95,3
189,内蒙古省,内蒙古敖汉旗 经度,119.87,42.3,3
190,内蒙古省,内蒙古翁牛特旗 经度,119.0,42.97,3
191,内蒙古省,内蒙古巴林右旗 经度,118.65,43.52,3
192,内蒙古省,内蒙古巴林左旗 经度,119.35,43.98,3
193,内蒙古省,内蒙古阿鲁科尔沁旗 经度,120.05,43.97,3
194,内蒙古省,内蒙古克什克腾旗 经度,117.48,43.28,3
195,内蒙古省,内蒙古伊克昭盟 经度,110.0,39.83,3
196,内蒙古省,内蒙古东胜县 经度,110.0,39.83,3
197,内蒙古省,内蒙古准格尔旗 经度,111.13,39.68,3
198,内蒙古省,内蒙古乌审旗 经度,109.03,38.38,3
199,内蒙古省,内蒙古伊金霍洛旗 经度,109.77,39.25,3
200,内蒙古省,内蒙古鄂托克旗 经度,107.97,39.12,3
201,内蒙古省,内蒙古鄂托克前旗 经度,107.43,38.18,3
202,内蒙古省,内蒙古杭锦旗 经度,108.7,39.83,3
203,内蒙古省,内蒙古达拉特旗 经度,110.02,40.42,3
204,内蒙古省,内蒙古临河 经度,107.37,40.78,3
205,内蒙古省,内蒙古五原 经度,108.28,41.12,3
206,内蒙古省,内蒙古磴口 经度,106.98,40.33,3
207,内蒙古省,内蒙古杭锦后旗 经度,107.12,40.88,3
208,内蒙古省,内蒙古乌拉特中旗 经度,108.52,41.55,3
209,内蒙古省,内蒙古乌拉特前旗 经度,108.65,40.75,3
210,内蒙古省,内蒙古乌拉特后旗 经度,108.52,40.88,3
211,内蒙古省,内蒙古阿拉善左旗 经度,105.68,38.85,3
212,内蒙古省,内蒙古阿拉善右旗 经度,101.68,39.2,3
213,内蒙古省,内蒙古额济纳旗 经度,100.88,41.9,3
214,内蒙古省,内蒙古乌兰浩特 经度,122.08,46.07,3
215,内蒙古省,内蒙古突泉 经度,121.5,45.4,3
216,北京市,北京北京 经度,116.46,39.92,4
217,北京市,北京平谷 经度,117.1,40.13,4
218,北京市,北京密云 经度,116.85,40.37,4
219,北京市,北京顺义 经度,116.65,40.13,4
220,北京市,北京通县 经度,116.67,39.92,4
221,北京市,北京怀柔 经度,116.62,40.32,4
222,北京市,北京大兴 经度,116.33,39.73,4
223,北京市,北京房山 经度,115.98,39.72,4
224,吉林省,吉林长春 经度,125.35,43.88,5
225,吉林省,吉林吉林 经度,126.57,43.87,5
226,吉林省,吉林农安 经度,125.15,44.45,5
227,吉林省,吉林德惠 经度,125.68,44.52,5
228,吉林省,吉林榆树 经度,126.55,44.83,5
229,吉林省,吉林九台 经度,126.83,44.15,5
230,吉林省,吉林双阳 经度,125.68,43.53,5
231,吉林省,吉林永吉 经度,126.57,43.87,5
232,吉林省,吉林舒兰 经度,126.97,44.4,5
233,吉林省,吉林蛟河 经度,127.33,43.75,5
234,吉林省,吉林桦甸 经度,126.72,42.97,5
235,吉林省,吉林磐石 经度,126.03,42.93,5
236,吉林省,吉林延吉 经度,129.52,42.93,5
237,吉林省,吉林汪清 经度,129.75,43.32,5
238,吉林省,吉林珲春 经度,130.35,42.85,5
239,吉林省,吉林图们 经度,129.83,42.98,5
240,吉林省,吉林和龙 经度,129.0,42.52,5
241,吉林省,吉林安图 经度,128.3,42.58,5
242,吉林省,吉林敦化 经度,128.18,43.35,5
243,吉林省,吉林通化 经度,125.92,41.49,5
244,吉林省,吉林柳河 经度,125.7,40.88,5
245,吉林省,吉林海龙 经度,125.65,42.53,5
246,吉林省,吉林辉南 经度,126.03,42.68,5
247,吉林省,吉林靖宇 经度,126.8,42.38,5
248,吉林省,吉林浑江 经度,126.4,41.97,5
249,吉林省,吉林抚松 经度,127.27,42.33,5
250,吉林省,吉林集安 经度,126.17,41.15,5
251,吉林省,吉林长白 经度,128.17,41.43,5
252,吉林省,吉林四平 经度,124.37,43.17,5
253,吉林省,吉林梨树 经度,124.33,43.32,5
254,吉林省,吉林怀德 经度,124.82,43.5,5
255,吉林省,吉林伊通 经度,125.32,43.33,5
256,吉林省,吉林辽源 经度,125.15,42.97,5
257,吉林省,吉林东丰 经度,125.5,42.68,5
258,吉林省,吉林双辽 经度,123.5,43.52,5
259,吉林省,吉林白城 经度,122.82,45.63,5
260,吉林省,吉林大安 经度,124.18,45.5,5
261,吉林省,吉林扶余 经度,124.82,45.2,5
262,吉林省,吉林乾安 经度,124.02,45.0,5
263,吉林省,吉林长岭 经度,123.97,44.3,5
264,吉林省,吉林通榆 经度,123.13,44.82,5
265,吉林省,吉林洮安 经度,122.75,45.35,5
266,四川省,四川成都 经度,104.06,30.67,6
267,四川省,四川金堂 经度,104.32,30.88,6
268,四川省,四川双流 经度,104.94,30.57,6
269,四川省,四川蒲江 经度,103.29,30.2,6
270,四川省,四川郫县 经度,103.86,30.8,6
271,四川省,四川新都 经度,104.13,30.82,6
272,四川省,四川来易 经度,102.15,26.9,6
273,四川省,四川盐边 经度,101.56,26.9,6
274,四川省,四川温江 经度,103.81,30.97,6
275,四川省,四川灌县 经度,103.61,31.04,6
276,四川省,四川彭县 经度,103.94,30.99,6
277,四川省,四川什邡 经度,104.16,31.13,6
278,四川省,四川广汉 经度,104.25,30.99,6
279,四川省,四川新津 经度,103.78,30.42,6
280,四川省,四川邛崃 经度,103.47,30.42,6
281,四川省,四川大邑 经度,103.53,30.58,6
282,四川省,四川崇庆 经度,103.69,30.63,6
283,四川省,四川绵阳 经度,104.73,31.48,6
284,四川省,四川江油 经度,104.7,31.8,6
285,四川省,四川青川 经度,105.21,32.59,6
286,四川省,四川平武 经度,104.52,32.42,6
287,四川省,四川光元 经度,105.86,32.44,6
288,四川省,四川旺苍 经度,106.33,32.25,6
289,四川省,四川剑阁 经度,105.45,32.03,6
290,四川省,四川梓潼 经度,105.16,31.64,6
291,四川省,四川三台 经度,105.06,31.1,6
292,四川省,四川盐亭 经度,105.35,31.23,6
293,四川省,四川射洪 经度,105.31,30.9,6
294,四川省,四川遂宁 经度,105.58,30.52,6
295,四川省,四川蓬溪 经度,105.74,30.78,6
296,四川省,四川中江 经度,104.68,31.06,6
297,四川省,四川德阳 经度,104.37,31.13,6
298,四川省,四川绵竹 经度,104.19,31.32,6
299,四川省,四川安县 经度,104.41,31.64,6
300,四川省,四川北川 经度,104.44,31.89,6
301,四川省,四川内江 经度,105.04,29.59,6
302,四川省,四川乐至 经度,105.02,30.3,6
303,四川省,四川安岳 经度,105.3,30.12,6
304,四川省,四川威远 经度,104.7,29.57,6
305,四川省,四川资中 经度,104.85,29.81,6
306,四川省,四川资阳 经度,104.6,30.19,6
307,四川省,四川简阳 经度,104.53,30.38,6
308,四川省,四川隆昌 经度,105.25,29.64,6
309,四川省,四川宜宾 经度,104.56,29.77,6
310,四川省,四川富顺 经度,104.97,29.24,6
311,四川省,四川南溪 经度,104.96,28.87,6
312,四川省,四川江安 经度,105.06,28.71,6
313,四川省,四川纳溪 经度,105.38,28.77,6
314,四川省,四川泸县 经度,105.46,28.96,6
315,四川省,四川合江 经度,105.78,28.79,6
316,四川省,四川泸州 经度,105.39,28.91,6
317,四川省,四川古蔺 经度,105.79,28.03,6
318,四川省,四川叙水 经度,105.44,28.19,6
319,四川省,四川长宁 经度,104.91,28.6,6
320,四川省,四川兴文 经度,105.06,28.36,6
321,四川省,四川琪县 经度,104.81,28.38,6
322,四川省,四川高县 经度,104.52,28.4,6
323,四川省,四川筠连 经度,104.53,28.16,6
324,四川省,四川屏由 经度,104.15,28.68,6
325,四川省,四川乐由 经度,103.73,29.59,6
326,四川省,四川夹江 经度,103.59,29.75,6
327,四川省,四川洪雅 经度,103.38,29.95,6
328,四川省,四川丹棱 经度,103.53,30.04,6
329,四川省,四川青神 经度,103.81,29.86,6
330,四川省,四川眉由 经度,103.81,30.05,6
331,四川省,四川彭由 经度,103.83,30.22,6
332,四川省,四川井研 经度,104.06,29.67,6
333,四川省,四川仁寿 经度,104.09,30.0,6
334,四川省,四川犍为 经度,103.93,29.21,6
335,四川省,四川沐川 经度,103.98,28.96,6
336,四川省,四川娥眉 经度,103.5,29.62,6
337,四川省,四川马边 经度,103.53,28.87,6
338,四川省,四川峨边 经度,103.25,29.23,6
339,四川省,四川金口 经度,103.13,29.24,6
340,四川省,四川涪陵 经度,107.36,29.7,6
341,四川省,四川垫江 经度,107.34,30.36,6
342,四川省,四川丰都 经度,107.7,29.89,6
343,四川省,四川石柱 经度,108.13,29.98,6
344,四川省,四川秀山 经度,108.97,28.47,6
345,四川省,四川西阳 经度,108.75,28.85,6
346,四川省,四川黔江 经度,108.81,29.53,6
347,四川省,四川彭水 经度,108.19,29.29,6
348,四川省,四川武隆 经度,108.72,29.29,6
349,四川省,四川南川 经度,107.13,29.15,6
350,四川省,四川万县 经度,108.35,30.83,6
351,四川省,四川开县 经度,108.39,31.23,6
352,四川省,四川城口 经度,108.67,31.98,6
353,四川省,四川巫溪 经度,109.6,31.42,6
354,四川省,四川巫山 经度,109.86,31.1,6
355,四川省,四川奉节 经度,109.52,31.06,6
356,四川省,四川云阳 经度,108.89,30.99,6
357,四川省,四川忠县 经度,108.03,30.33,6
358,四川省,四川梁平 经度,107.78,30.66,6
359,四川省,四川南允 经度,106.06,30.8,6
360,四川省,四川苍溪 经度,105.96,31.75,6
361,四川省,四川阆中 经度,105.97,31.75,6
362,四川省,四川仪陇 经度,106.38,31.52,6
363,四川省,四川南部 经度,106.03,31.34,6
364,四川省,四川西允 经度,105.84,31.01,6
365,四川省,四川营山 经度,106.57,31.07,6
366,四川省,四川蓬安 经度,106.44,31.04,6
367,四川省,四川广安 经度,106.61,30.48,6
368,四川省,四川岳池 经度,106.43,30.55,6
369,四川省,四川武胜 经度,106.3,30.38,6
370,四川省,四川华云 经度,106.74,30.41,6
371,四川省,四川达县 经度,107.49,31.23,6
372,四川省,四川万源 经度,108.06,32.07,6
373,四川省,四川宜汉 经度,107.71,31.39,6
374,四川省,四川开江 经度,107.87,31.1,6
375,四川省,四川邻水 经度,106.91,30.36,6
376,四川省,四川大竹 经度,107.21,30.75,6
377,四川省,四川渠县 经度,106.94,30.85,6
378,四川省,四川南江 经度,106.83,32.36,6
379,四川省,四川巴中 经度,106.73,31.86,6
380,四川省,四川平昌 经度,107.11,31.59,6
381,四川省,四川通江 经度,108.24,31.95,6
382,四川省,四川百沙 经度,108.18,32.0,6
383,四川省,四川雅安 经度,102.97,29.97,6
384,四川省,四川芦山 经度,102.91,30.17,6
385,四川省,四川名山 经度,103.06,30.09,6
386,四川省,四川荣经 经度,102.81,29.79,6
387,四川省,四川汉源 经度,102.66,29.4,6
388,四川省,四川石棉 经度,102.38,29.21,6
389,四川省,四川天全 经度,102.78,30.09,6
390,四川省,四川宝兴 经度,102.84,30.36,6
391,四川省,四川马尔康 经度,102.22,31.92,6
392,四川省,四川红原 经度,102.55,31.79,6
393,四川省,四川阿坝 经度,101.72,31.93,6
394,四川省,四川若尔盖 经度,102.94,33.62,6
395,四川省,四川黑水 经度,102.95,32.06,6
396,四川省,四川松潘 经度,103.61,32.64,6
397,四川省,四川南坪 经度,104.19,33.23,6
398,四川省,四川汶川 经度,103.61,31.46,6
399,四川省,四川理县 经度,103.16,31.42,6
400,四川省,四川小金 经度,102.34,30.97,6
401,四川省,四川金川 经度,102.03,31.48,6
402,四川省,四川壤塘 经度,100.97,32.3,6
403,四川省,四川茂汶 经度,103.89,31.67,6
404,四川省,四川康定 经度,101.95,30.04,6
405,四川省,四川炉霍 经度,100.65,31.38,6
406,四川省,四川甘孜 经度,99.96,31.64,6
407,四川省,四川新龙 经度,100.28,30.96,6
408,四川省,四川白玉 经度,98.83,32.23,6
409,四川省,四川德格 经度,98.57,31.81,6
410,四川省,四川石渠 经度,98.06,33.01,6
411,四川省,四川色达 经度,100.35,32.3,6
412,四川省,四川泸定 经度,102.25,29.92,6
413,四川省,四川丹巴 经度,101.87,30.85,6
414,四川省,四川九龙 经度,101.53,29.01,6
415,四川省,四川雅江 经度,101.0,30.03,6
416,四川省,四川道孚 经度,101.14,30.99,6
417,四川省,四川理塘 经度,100.28,30.03,6
418,四川省,四川乡城 经度,99.78,28.93,6
419,四川省,四川稻城 经度,100.31,29.04,6
420,四川省,四川巴塘 经度,99.0,30.0,6
421,四川省,四川得荣 经度,99.25,28.71,6
422,四川省,四川西昌 经度,102.29,27.92,6
423,四川省,四川昭觉 经度,102.83,28.03,6
424,四川省,四川甘洛 经度,102.74,28.96,6
425,四川省,四川雷波 经度,103.62,28.21,6
426,四川省,四川宁南 经度,102.76,27.07,6
427,四川省,四川会东 经度,102.55,26.74,6
428,四川省,四川会理 经度,102.21,26.67,6
429,四川省,四川德昌 经度,102.15,27.4,6
430,四川省,四川美姑 经度,103.14,28.33,6
431,四川省,四川金阳 经度,103.22,27.73,6
432,四川省,四川布拖 经度,102.8,27.7,6
433,四川省,四川普格 经度,102.52,27.38,6
434,四川省,四川喜德 经度,102.42,28.33,6
435,四川省,四川越西 经度,102.49,28.66,6
436,四川省,四川盐源 经度,101.51,27.42,6
437,四川省,四川冕宁 经度,102.15,28.58,6
438,四川省,四川木里 经度,101.25,27.9,6
439,天津省,天津天津 经度,117.2,39.13,7
440,天津省,天津宁河 经度,117.83,39.33,7
441,天津省,天津静海 经度,116.92,38.93,7
442,天津省,天津蓟县 经度,117.4,40.05,7
443,天津省,天津宝坻 经度,117.3,39.75,7
444,天津省,天津武清 经度,117.05,39.4,7
445,宁夏回族自治区省,宁夏回族自治区银川 经度,106.27,38.47,8
446,宁夏回族自治区省,宁夏回族自治区永宁 经度,106.24,38.28,8
447,宁夏回族自治区省,宁夏回族自治区贺兰 经度,106.35,38.55,8
448,宁夏回族自治区省,宁夏回族自治区石嘴山 经度,106.39,39.04,8
449,宁夏回族自治区省,宁夏回族自治区平罗 经度,106.54,38.91,8
450,宁夏回族自治区省,宁夏回族自治区陶乐 经度,106.69,38.82,8
451,宁夏回族自治区省,宁夏回族自治区吴忠 经度,106.21,37.99,8
452,宁夏回族自治区省,宁夏回族自治区同心 经度,105.94,36.97,8
453,宁夏回族自治区省,宁夏回族自治区灵武 经度,106.34,38.1,8
454,宁夏回族自治区省,宁夏回族自治区中宁 经度,105.66,37.48,8
455,宁夏回族自治区省,宁夏回族自治区盐池 经度,107.41,37.78,8
456,宁夏回族自治区省,宁夏回族自治区中卫 经度,105.18,37.51,8
457,宁夏回族自治区省,宁夏回族自治区青铜峡 经度,106.07,38.02,8
458,宁夏回族自治区省,宁夏回族自治区固原 经度,106.28,36.01,8
459,宁夏回族自治区省,宁夏回族自治区西吉 经度,105.7,35.97,8
460,宁夏回族自治区省,宁夏回族自治区泾源 经度,106.33,35.5,8
461,宁夏回族自治区省,宁夏回族自治区海原 经度,105.64,36.56,8
462,宁夏回族自治区省,宁夏回族自治区隆德 经度,106.11,35.63,8
463,安徽省,安徽合肥 经度,117.27,31.86,9
464,安徽省,安徽长丰 经度,117.16,32.47,9
465,安徽省,安徽淮南 经度,116.98,32.62,9
466,安徽省,安徽凤台 经度,116.71,32.68,9
467,安徽省,安徽淮北 经度,116.77,33.97,9
468,安徽省,安徽濉溪 经度,116.76,33.92,9
469,安徽省,安徽芜湖 经度,118.38,31.33,9
470,安徽省,安徽铜陵 经度,117.82,30.93,9
471,安徽省,安徽蚌埠 经度,117.34,32.93,9
472,安徽省,安徽马鞍山 经度,118.48,31.56,9
473,安徽省,安徽安庆 经度,117.03,30.52,9
474,安徽省,安徽宿州 经度,116.97,33.63,9
475,安徽省,安徽宿县 经度,116.97,33.63,9
476,安徽省,安徽砀山 经度,116.34,34.42,9
477,安徽省,安徽萧县 经度,116.93,34.19,9
478,安徽省,安徽吴壁 经度,117.55,33.55,9
479,安徽省,安徽泗县 经度,117.89,33.49,9
480,安徽省,安徽五河 经度,117.87,33.14,9
481,安徽省,安徽固镇 经度,117.32,33.33,9
482,安徽省,安徽怀远 经度,117.19,32.95,9
483,安徽省,安徽滁州 经度,118.31,32.33,9
484,安徽省,安徽嘉山 经度,117.98,32.78,9
485,安徽省,安徽天长 经度,119.0,32.68,9
486,安徽省,安徽来安 经度,118.44,32.44,9
487,安徽省,安徽全椒 经度,118.27,32.1,9
488,安徽省,安徽定远 经度,117.68,32.52,9
489,安徽省,安徽凤阳 经度,117.4,32.86,9
490,安徽省,安徽巢湖 经度,117.87,31.62,9
491,安徽省,安徽巢县 经度,117.87,31.62,9
492,安徽省,安徽肥东 经度,117.47,31.89,9
493,安徽省,安徽含山 经度,118.11,31.7,9
494,安徽省,安徽和县 经度,118.37,31.7,9
495,安徽省,安徽无为 经度,117.75,31.3,9
496,安徽省,安徽卢江 经度,117.29,31.23,9
497,安徽省,安徽宣城 经度,118.73,31.95,9
498,安徽省,安徽当涂 经度,118.49,31.55,9
499,安徽省,安徽郎溪 经度,119.17,31.14,9
500,安徽省,安徽广德 经度,119.41,30.89,9
501,安徽省,安徽泾县 经度,118.41,30.68,9
502,安徽省,安徽南陵 经度,118.32,30.91,9
503,安徽省,安徽繁昌 经度,118.21,31.07,9
504,安徽省,安徽宁国 经度,118.95,30.62,9
505,安徽省,安徽青阳 经度,117.84,30.64,9
506,安徽省,安徽屯溪 经度,118.31,29.72,9
507,安徽省,安徽休宁 经度,118.19,29.81,9
508,安徽省,安徽旌得 经度,118.53,30.28,9
509,安徽省,安徽绩溪 经度,118.57,30.07,9
510,安徽省,安徽歙县 经度,118.44,29.88,9
511,安徽省,安徽祁门 经度,117.7,29.86,9
512,安徽省,安徽黟县 经度,117.92,29.93,9
513,安徽省,安徽太平 经度,118.13,30.28,9
514,安徽省,安徽石台 经度,117.48,30.19,9
515,安徽省,安徽桐城 经度,116.94,31.04,9
516,安徽省,安徽纵阳 经度,117.21,30.69,9
517,安徽省,安徽怀宁 经度,116.63,30.41,9
518,安徽省,安徽望江 经度,116.69,30.12,9
519,安徽省,安徽宿松 经度,116.13,30.15,9
520,安徽省,安徽太湖 经度,116.27,30.42,9
521,安徽省,安徽岳西 经度,116.36,30.84,9
522,安徽省,安徽潜山 经度,116.53,30.62,9
523,安徽省,安徽东至 经度,116.99,30.08,9
524,安徽省,安徽贵池 经度,117.48,30.66,9
525,安徽省,安徽六安 经度,116.49,31.73,9
526,安徽省,安徽霍丘 经度,116.27,32.32,9
527,安徽省,安徽寿县 经度,116.78,32.57,9
528,安徽省,安徽肥西 经度,117.15,31.7,9
529,安徽省,安徽舒城 经度,116.94,31.45,9
530,安徽省,安徽霍山 经度,116.32,31.38,9
531,安徽省,安徽金寨 经度,115.87,31.67,9
532,安徽省,安徽阜阳 经度,115.81,32.89,9
533,安徽省,安徽毫县 经度,116.76,33.86,9
534,安徽省,安徽涡阳 经度,116.21,33.49,9
535,安徽省,安徽蒙城 经度,116.55,33.25,9
536,安徽省,安徽利辛 经度,116.19,33.12,9
537,安徽省,安徽颖上 经度,116.26,32.62,9
538,安徽省,安徽阜南 经度,115.6,32.63,9
539,安徽省,安徽临泉 经度,115.24,33.06,9
540,安徽省,安徽界首 经度,115.34,33.24,9
541,安徽省,安徽太和 经度,115.61,33.16,9
542,山东省,山东济南 经度,117.0,36.65,10
543,山东省,山东历城 经度,117.07,36.69,10
544,山东省,山东长清 经度,116.73,36.55,10
545,山东省,山东章丘 经度,117.53,36.72,10
546,山东省,山东青岛 经度,120.33,36.07,10
547,山东省,山东崂山 经度,120.42,36.15,10
548,山东省,山东胶南 经度,119.97,35.88,10
549,山东省,山东即墨 经度,120.45,36.38,10
550,山东省,山东胶县 经度,120.0,36.28,10
551,山东省,山东淄博 经度,118.05,36.78,10
552,山东省,山东枣庄 经度,117.57,34.86,10
553,山东省,山东滕县 经度,117.17,35.09,10
554,山东省,山东东营 经度,118.49,37.46,10
555,山东省,山东垦利 经度,118.54,37.59,10
556,山东省,山东利津 经度,118.25,37.49,10
557,山东省,山东德州 经度,116.29,37.45,10
558,山东省,山东宁津 经度,116.8,37.64,10
559,山东省,山东乐陵 经度,117.22,37.74,10
560,山东省,山东商河 经度,117.15,37.31,10
561,山东省,山东济阳 经度,117.2,36.97,10
562,山东省,山东禹城 经度,116.66,36.95,10
563,山东省,山东夏津 经度,116.0,36.95,10
564,山东省,山东陵县 经度,116.58,37.34,10
565,山东省,山东庆云 经度,117.37,37.37,10
566,山东省,山东临邑 经度,116.86,37.2,10
567,山东省,山东齐河 经度,116.76,36.79,10
568,山东省,山东平原 经度,116.44,37.16,10
569,山东省,山东武城 经度,116.08,37.2,10
570,山东省,山东滨州 经度,118.03,37.36,10
571,山东省,山东滨县 经度,117.97,37.47,10
572,山东省,山东广饶 经度,118.41,37.04,10
573,山东省,山东桓台 经度,118.12,36.95,10
574,山东省,山东邹平 经度,117.75,36.89,10
575,山东省,山东阳信 经度,117.58,37.65,10
576,山东省,山东沾化 经度,118.14,37.7,10
577,山东省,山东博兴 经度,118.12,37.12,10
578,山东省,山东高青 经度,117.66,37.18,10
579,山东省,山东惠民 经度,117.51,17.49,10
580,山东省,山东无棣 经度,117.58,37.73,10
581,山东省,山东潍坊 经度,119.1,36.62,10
582,山东省,山东潍县 经度,119.22,36.77,10
583,山东省,山东平度 经度,119.97,36.77,10
584,山东省,山东诸城 经度,119.42,35.99,10
585,山东省,山东安丘 经度,119.2,36.42,10
586,山东省,山东临朐 经度,118.53,36.5,10
587,山东省,山东寿光 经度,118.73,36.86,10
588,山东省,山东昌邑 经度,119.41,36.86,10
589,山东省,山东高密 经度,119.75,36.38,10
590,山东省,山东五莲 经度,119.2,35.74,10
591,山东省,山东昌乐 经度,118.83,36.69,10
592,山东省,山东高都 经度,118.47,36.69,10
593,山东省,山东烟台 经度,121.39,37.52,10
594,山东省,山东牟平 经度,121.59,37.38,10
595,山东省,山东文登 经度,122.05,37.2,10
596,山东省,山东海阳 经度,121.17,36.76,10
597,山东省,山东莱阳 经度,120.71,36.97,10
598,山东省,山东栖霞 经度,120.83,37.28,10
599,山东省,山东掖县 经度,119.93,37.18,10
600,山东省,山东长岛 经度,120.73,37.91,10
601,山东省,山东威海 经度,122.1,37.5,10
602,山东省,山东福山 经度,121.27,37.49,10
603,山东省,山东荣成 经度,122.41,37.16,10
604,山东省,山东乳山 经度,121.52,36.89,10
605,山东省,山东莱西 经度,120.53,36.86,10
606,山东省,山东招远 经度,120.38,37.35,10
607,山东省,山东黄县 经度,120.51,37.64,10
608,山东省,山东蓬莱 经度,120.75,37.8,10
609,山东省,山东临沂 经度,118.35,35.05,10
610,山东省,山东沂水 经度,118.64,35.78,10
611,山东省,山东日照 经度,119.46,35.42,10
612,山东省,山东临沭 经度,118.73,34.89,10
613,山东省,山东仓山 经度,118.03,34.84,10
614,山东省,山东平邑 经度,117.63,35.49,10
615,山东省,山东沂源 经度,118.17,36.18,10
616,山东省,山东沂南 经度,118.47,35.54,10
617,山东省,山东营县 经度,118.83,35.57,10
618,山东省,山东莒南 经度,118.83,35.17,10
619,山东省,山东郯城 经度,118.35,34.61,10
620,山东省,山东费县 经度,117.97,35.26,10
621,山东省,山东蒙阴 经度,117.95,35.7,10
622,山东省,山东泰安 经度,117.13,36.18,10
623,山东省,山东莱芜 经度,117.67,36.19,10
624,山东省,山东肥城 经度,116.76,36.24,10
625,山东省,山东平阴 经度,116.46,36.29,10
626,山东省,山东新汶 经度,117.67,35.86,10
627,山东省,山东新泰 经度,117.76,35.91,10
628,山东省,山东宁阳 经度,116.8,35.76,10
629,山东省,山东东平 经度,116.3,35.91,10
630,山东省,山东济宁 经度,116.59,35.38,10
631,山东省,山东兖州 经度,116.83,35.54,10
632,山东省,山东泗水 经度,117.27,35.65,10
633,山东省,山东鱼台 经度,116.65,35.0,10
634,山东省,山东嘉祥 经度,116.34,35.41,10
635,山东省,山东汶上 经度,116.49,35.71,10
636,山东省,山东曲阜 经度,116.98,35.59,10
637,山东省,山东邹县 经度,116.97,35.39,10
638,山东省,山东微山 经度,117.12,34.8,10
639,山东省,山东金乡 经度,116.32,35.07,10
640,山东省,山东荷泽 经度,115.43,35.24,10
641,山东省,山东郓城 经度,115.94,35.59,10
642,山东省,山东巨野 经度,116.08,35.38,10
643,山东省,山东单县 经度,116.07,34.82,10
644,山东省,山东曹县 经度,115.53,34.83,10
645,山东省,山东鄄城 经度,115.5,35.57,10
646,山东省,山东梁山 经度,116.1,35.8,10
647,山东省,山东成武 经度,115.88,34.97,10
648,山东省,山东定陶 经度,115.57,35.07,10
649,山东省,山东东明 经度,115.08,35.31,10
650,山东省,山东聊城 经度,115.97,36.45,10
651,山东省,山东高唐 经度,116.23,36.86,10
652,山东省,山东东阿 经度,116.23,36.32,10
653,山东省,山东莘县 经度,115.67,36.24,10
654,山东省,山东临清 经度,115.72,36.68,10
655,山东省,山东茌平 经度,116.27,36.58,10
656,山东省,山东阳谷 经度,115.78,36.11,10
657,山东省,山东冠县 经度,115.45,35.47,10
658,山西省,山西太原 经度,112.53,37.87,11
659,山西省,山西阳曲 经度,112.65,38.05,11
660,山西省,山西娄烦 经度,111.78,38.05,11
661,山西省,山西清徐 经度,112.33,37.62,11
662,山西省,山西大同 经度,113.3,40.12,11
663,山西省,山西阳泉 经度,113.57,37.85,11
664,山西省,山西长治 经度,113.08,36.18,11
665,山西省,山西天镇 经度,114.08,40.42,11
666,山西省,山西灵丘 经度,114.2,39.47,11
667,山西省,山西怀仁 经度,113.1,39.82,11
668,山西省,山西山阴 经度,112.82,39.52,11
669,山西省,山西平鲁 经度,112.12,39.53,11
670,山西省,山西右玉 经度,112.33,40.18,11
671,山西省,山西阳高 经度,113.72,40.38,11
672,山西省,山西广灵 经度,113.27,39.75,11
673,山西省,山西浑源 经度,113.68,39.7,11
674,山西省,山西应县 经度,113.18,39.58,11
675,山西省,山西朔县 经度,112.42,39.32,11
676,山西省,山西左云 经度,112.67,40.02,11
677,山西省,山西忻县 经度,112.7,38.38,11
678,山西省,山西代县 经度,112.97,39.07,11
679,山西省,山西五台 经度,113.32,38.72,11
680,山西省,山西静乐 经度,111.9,38.37,11
681,山西省,山西保德 经度,111.09,38.01,11
682,山西省,山西河曲 经度,111.17,39.38,11
683,山西省,山西神池 经度,112.17,39.1,11
684,山西省,山西原平 经度,112.7,38.73,11
685,山西省,山西繁峙 经度,113.28,39.2,11
686,山西省,山西定襄 经度,112.95,38.5,11
687,山西省,山西岢岚 经度,111.58,38.7,11
688,山西省,山西五寨 经度,111.82,38.93,11
689,山西省,山西偏关 经度,111.47,39.45,11
690,山西省,山西宁武 经度,112.28,39.0,11
691,山西省,山西榆次 经度,112.72,37.68,11
692,山西省,山西孟县 经度,113.37,38.01,11
693,山西省,山西昔阳 经度,113.68,37.62,11
694,山西省,山西左权 经度,113.35,37.07,11
695,山西省,山西太谷 经度,112.53,37.42,11
696,山西省,山西平遥 经度,112.18,37.2,11
697,山西省,山西灵石 经度,111.77,36.83,11
698,山西省,山西寿阳 经度,113.17,37.88,11
699,山西省,山西平定 经度,113.62,37.79,11
700,山西省,山西和顺 经度,113.55,37.33,11
701,山西省,山西榆社 经度,112.97,37.08,11
702,山西省,山西祁县 经度,112.33,37.36,11
703,山西省,山西介休 经度,111.88,37.03,11
704,山西省,山西离石 经度,111.13,37.53,11
705,山西省,山西兴县 经度,111.22,38.47,11
706,山西省,山西方由 经度,111.24,37.86,11
707,山西省,山西岚县 经度,111.62,38.28,11
708,山西省,山西交城 经度,112.14,37.55,11
709,山西省,山西文水 经度,112.02,37.42,11
710,山西省,山西汾阳 经度,111.75,37.27,11
711,山西省,山西孝义 经度,111.8,37.12,11
712,山西省,山西交口 经度,111.2,36.97,11
713,山西省,山西石楼 经度,110.83,37.0,11
714,山西省,山西中阳 经度,111.17,37.37,11
715,山西省,山西临县 经度,110.95,37.95,11
716,山西省,山西柳林 经度,110.85,37.45,11
717,山西省,山西襄垣 经度,113.02,36.55,11
718,山西省,山西黎城 经度,113.4,36.56,11
719,山西省,山西壶关 经度,113.23,35.11,11
720,山西省,山西高平 经度,112.88,35.48,11
721,山西省,山西阳城 经度,112.38,35.84,11
722,山西省,山西长子 经度,112.87,36.13,11
723,山西省,山西沁源 经度,112.32,36.5,11
724,山西省,山西潞城 经度,113.22,36.33,11
725,山西省,山西武乡 经度,112.83,36.83,11
726,山西省,山西平顺 经度,113.43,36.19,11
727,山西省,山西陵川 经度,113.27,35.78,11
728,山西省,山西晋城 经度,112.83,35.52,11
729,山西省,山西沁水 经度,112.15,35.67,11
730,山西省,山西屯留 经度,112.87,36.32,11
731,山西省,山西沁县 经度,112.68,36.75,11
732,山西省,山西临汾 经度,111.5,36.08,11
733,山西省,山西汾西 经度,111.53,36.63,11
734,山西省,山西安泽 经度,112.2,36.15,11
735,山西省,山西古县 经度,111.9,36.29,11
736,山西省,山西翼城 经度,111.68,35.73,11
737,山西省,山西曲沃 经度,111.33,35.63,11
738,山西省,山西吉县 经度,110.65,36.12,11
739,山西省,山西大宁 经度,110.72,36.47,11
740,山西省,山西侯马 经度,111.45,35.03,11
741,山西省,山西永和 经度,110.64,36.62,11
742,山西省,山西洪洞 经度,111.68,36.25,11
743,山西省,山西霍县 经度,111.72,36.57,11
744,山西省,山西浮山 经度,111.83,35.97,11
745,山西省,山西襄汾 经度,111.43,35.86,11
746,山西省,山西乡宁 经度,110.8,35.97,11
747,山西省,山西蒲县 经度,111.07,36.42,11
748,山西省,山西运城 经度,110.97,35.03,11
749,山西省,山西闻喜 经度,111.2,35.37,11
750,山西省,山西垣曲 经度,111.63,35.3,11
751,山西省,山西芮城 经度,110.68,34.71,11
752,山西省,山西临猗 经度,110.78,35.15,11
753,山西省,山西新绛 经度,111.22,35.62,11
754,山西省,山西河津 经度,110.7,35.58,11
755,山西省,山西夏县 经度,111.22,35.12,11
756,山西省,山西绛县 经度,111.58,35.48,11
757,山西省,山西平陆 经度,111.2,34.12,11
758,山西省,山西永济 经度,110.42,34.88,11
759,山西省,山西万荣 经度,110.83,35.42,11
760,山西省,山西稷山 经度,110.97,35.6,11
761,广东省,广东广州 经度,113.23,23.16,12
762,广东省,广东花县 经度,113.19,23.4,12
763,广东省,广东新十 经度,114.2,24.09,12
764,广东省,广东增城 经度,113.81,23.13,12
765,广东省,广东从化 经度,113.55,23.57,12
766,广东省,广东龙门 经度,114.25,23.75,12
767,广东省,广东番禺 经度,113.36,22.95,12
768,广东省,广东海口 经度,110.35,20.02,12
769,广东省,广东汕头 经度,116.69,23.39,12
770,广东省,广东洪江 经度,110.38,21.2,12
771,广东省,广东茂名 经度,110.88,21.68,12
772,广东省,广东佛山 经度,113.11,23.05,12
773,广东省,广东江门 经度,113.06,22.61,12
774,广东省,广东深圳 经度,114.07,22.62,12
775,广东省,广东宝安 经度,113.85,22.58,12
776,广东省,广东珠海 经度,113.52,22.3,12
777,广东省,广东韶关 经度,113.62,24.84,12
778,广东省,广东曲江 经度,113.58,24.68,12
779,广东省,广东乐昌 经度,113.35,25.14,12
780,广东省,广东仁化 经度,113.73,25.11,12
781,广东省,广东南雄 经度,114.33,25.14,12
782,广东省,广东始兴 经度,114.08,24.78,12
783,广东省,广东翁源 经度,114.13,24.36,12
784,广东省,广东佛岗 经度,113.52,23.86,12
785,广东省,广东英德 经度,113.38,24.17,12
786,广东省,广东清远 经度,113.01,23.7,12
787,广东省,广东阳山 经度,112.65,24.48,12
788,广东省,广东连县 经度,112.4,24.77,12
789,广东省,广东连山 经度,112.07,24.59,12
790,广东省,广东连南 经度,112.28,24.77,12
791,广东省,广东惠州 经度,114.4,23.09,12
792,广东省,广东惠阳 经度,114.4,23.09,12
793,广东省,广东博罗 经度,114.28,23.18,12
794,广东省,广东河源 经度,114.68,23.73,12
795,广东省,广东连平 经度,114.48,24.39,12
796,广东省,广东和平 经度,114.89,24.45,12
797,广东省,广东龙川 经度,115.25,24.09,12
798,广东省,广东紫金 经度,115.18,23.64,12
799,广东省,广东惠东 经度,114.7,22.97,12
800,广东省,广东东莞 经度,113.75,23.04,12
801,广东省,广东梅州 经度,116.1,24.55,12
802,广东省,广东梅县 经度,116.1,24.55,12
803,广东省,广东平远 经度,117.9,24.59,12
804,广东省,广东蕉岭 经度,116.18,24.66,12
805,广东省,广东大埔 经度,116.7,24.34,12
806,广东省,广东丰顺 经度,116.18,23.78,12
807,广东省,广东五华 经度,115.75,23.93,12
808,广东省,广东兴宁 经度,115.75,24.15,12
809,广东省,广东潮州 经度,116.63,23.68,12
810,广东省,广东澄海 经度,116.8,23.48,12
811,广东省,广东潮安 经度,116.63,23.68,12
812,广东省,广东饶平 经度,117.01,23.7,12
813,广东省,广东南澳 经度,117.03,23.44,12
814,广东省,广东潮阳 经度,116.61,23.27,12
815,广东省,广东惠来 经度,116.29,23.07,12
816,广东省,广东陆丰 经度,117.64,22.95,12
817,广东省,广东海丰 经度,117.33,22.98,12
818,广东省,广东普宁 经度,116.17,23.29,12
819,广东省,广东揭西 经度,115.82,23.45,12
820,广东省,广东揭阳 经度,116.35,23.55,12
821,广东省,广东南海 经度,113.11,23.05,12
822,广东省,广东三水 经度,112.89,23.18,12
823,广东省,广东顺德 经度,113.24,22.84,12
824,广东省,广东中山 经度,113.38,22.52,12
825,广东省,广东斗门 经度,113.25,22.2,12
826,广东省,广东新会 经度,113.02,22.52,12
827,广东省,广东鹤山 经度,112.94,22.76,12
828,广东省,广东开平 经度,112.68,22.36,12
829,广东省,广东台山 经度,112.78,22.27,12
830,广东省,广东恩平 经度,112.29,22.21,12
831,广东省,广东高明 经度,112.76,21.71,12
832,广东省,广东廉江 经度,110.27,21.63,12
833,广东省,广东化州 经度,110.59,21.64,12
834,广东省,广东高州 经度,110.83,21.95,12
835,广东省,广东信宜 经度,110.9,22.36,12
836,广东省,广东阳春 经度,111.78,22.16,12
837,广东省,广东阳江 经度,111.95,21.85,12
838,广东省,广东电白 经度,110.99,21.52,12
839,广东省,广东吴川 经度,110.78,21.43,12
840,广东省,广东徐闻 经度,110.17,20.34,12
841,广东省,广东海康 经度,110.07,20.91,12
842,广东省,广东遂溪 经度,110.24,21.39,12
843,广东省,广东肇庆 经度,112.44,23.05,12
844,广东省,广东高要 经度,112.44,23.05,12
845,广东省,广东怀集 经度,112.18,23.93,12
846,广东省,广东广宁 经度,112.43,23.14,12
847,广东省,广东四会 经度,112.68,23.36,12
848,广东省,广东新兴 经度,112.2,22.68,12
849,广东省,广东云浮 经度,112.02,22.93,12
850,广东省,广东罗定 经度,111.56,22.77,12
851,广东省,广东郁南 经度,111.51,23.23,12
852,广东省,广东德庆 经度,111.75,23.15,12
853,广东省,广东封开 经度,111.48,23.45,12
854,广西省,广西南宁 经度,108.33,22.84,13
855,广西省,广西柳州 经度,109.4,24.33,13
856,广西省,广西桂林 经度,110.28,25.29,13
857,广西省,广西梧州 经度,111.34,23.51,13
858,广西省,广西凭祥 经度,106.75,22.11,13
859,广西省,广西邕宁 经度,108.49,22.74,13
860,广西省,广西武鸣 经度,108.27,23.17,13
861,广西省,广西马山 经度,108.2,23.73,13
862,广西省,广西上林 经度,108.59,23.44,13
863,广西省,广西宾阳 经度,108.8,23.22,13
864,广西省,广西横县 经度,109.2,22.69,13
865,广西省,广西扶绥 经度,107.92,22.65,13
866,广西省,广西崇左 经度,107.37,22.42,13
867,广西省,广西宁明 经度,107.08,22.12,13
868,广西省,广西龙州 经度,106.84,22.36,13
869,广西省,广西大新 经度,107.21,22.85,13
870,广西省,广西天等 经度,107.12,23.08,13
871,广西省,广西隆安 经度,107.68,23.18,13
872,广西省,广西河池 经度,108.06,24.7,13
873,广西省,广西环江 经度,108.26,24.83,13
874,广西省,广西罗城 经度,108.9,24.79,13
875,广西省,广西宜山 经度,108.64,24.47,13
876,广西省,广西东兰 经度,107.36,24.53,13
877,广西省,广西凤山 经度,107.05,24.55,13
878,广西省,广西天峨 经度,107.16,25.01,13
879,广西省,广西南丹 经度,107.54,24.98,13
880,广西省,广西都安 经度,108.09,23.94,13
881,广西省,广西巴马 经度,107.25,24.15,13
882,广西省,广西合山 经度,108.89,23.82,13
883,广西省,广西柳城 经度,109.24,24.67,13
884,广西省,广西融安 经度,109.37,24.24,13
885,广西省,广西鹿寨 经度,109.74,24.49,13
886,广西省,广西象州 经度,109.7,23.98,13
887,广西省,广西武宜 经度,109.66,23.6,13
888,广西省,广西柳江 经度,109.34,24.27,13
889,广西省,广西来宾 经度,109.24,23.76,13
890,广西省,广西忻城 经度,108.66,24.07,13
891,广西省,广西融水 经度,109.24,25.07,13
892,广西省,广西三江 经度,109.58,25.8,13
893,广西省,广西金秀 经度,110.18,24.14,13
894,广西省,广西临桂 经度,110.22,25.22,13
895,广西省,广西灵川 经度,110.33,25.42,13
896,广西省,广西兴安 经度,110.66,25.6,13
897,广西省,广西资源 经度,110.66,26.03,13
898,广西省,广西全州 经度,111.06,25.96,13
899,广西省,广西灌阳 经度,111.14,25.49,13
900,广西省,广西恭城 经度,110.81,24.85,13
901,广西省,广西平乐 经度,110.66,24.64,13
902,广西省,广西荔浦 经度,110.38,24.51,13
903,广西省,广西永福 经度,109.98,24.99,13
904,广西省,广西龙胜 经度,110.02,25.78,13
905,广西省,广西苍悟 经度,111.22,23.51,13
906,广西省,广西钟山 经度,111.3,24.53,13
907,广西省,广西富川 经度,110.26,24.83,13
908,广西省,广西贺县 经度,111.54,24.44,13
909,广西省,广西岑溪 经度,111.0,22.95,13
910,广西省,广西藤县 经度,110.9,23.36,13
911,广西省,广西蒙山 经度,110.54,24.22,13
912,广西省,广西昭平 经度,110.8,24.18,13
913,广西省,广西玉林 经度,110.14,22.64,13
914,广西省,广西桂平 经度,110.07,23.38,13
915,广西省,广西平南 经度,110.4,23.55,13
916,广西省,广西容县 经度,110.53,22.87,13
917,广西省,广西北流 经度,110.33,22.71,13
918,广西省,广西陆川 经度,110.25,22.33,13
919,广西省,广西博白 经度,109.98,22.27,13
920,广西省,广西贵县 经度,109.6,23.11,13
921,广西省,广西北海 经度,109.12,21.49,13
922,广西省,广西钦州 经度,108.61,21.96,13
923,广西省,广西灵山 经度,109.29,22.44,13
924,广西省,广西浦北 经度,109.56,22.27,13
925,广西省,广西合浦 经度,109.2,21.33,13
926,广西省,广西上思 经度,107.98,22.16,13
927,广西省,广西防城 经度,108.35,21.78,13
928,广西省,广西百色 经度,106.62,23.91,13
929,广西省,广西凌云 经度,106.55,24.35,13
930,广西省,广西乐业 经度,106.56,24.78,13
931,广西省,广西田阳 经度,106.9,23.75,13
932,广西省,广西田东 经度,107.12,23.62,13
933,广西省,广西平果 经度,107.59,23.33,13
934,广西省,广西德保 经度,106.6,23.34,13
935,广西省,广西靖西 经度,106.41,23.15,13
936,广西省,广西那坡 经度,105.85,23.42,13
937,广西省,广西西林 经度,105.08,24.51,13
938,广西省,广西田林 经度,106.24,24.31,13
939,广西省,广西隆林 经度,105.34,24.8,13
940,新疆省,新疆乌鲁木齐 经度,87.68,43.77,14
941,新疆省,新疆克拉玛依 经度,84.77,45.59,14
942,新疆省,新疆石河子 经度,85.94,44.27,14
943,新疆省,新疆吐鲁番 经度,89.19,42.91,14
944,新疆省,新疆托克逊 经度,88.63,42.77,14
945,新疆省,新疆鄯善 经度,90.25,42.82,14
946,新疆省,新疆哈密 经度,93.44,42.78,14
947,新疆省,新疆伊吾 经度,94.65,43.28,14
948,新疆省,新疆巴里坤 经度,93.0,43.6,14
949,新疆省,新疆库尔勒 经度,86.06,41.68,14
950,新疆省,新疆和静 经度,86.35,42.31,14
951,新疆省,新疆和硕 经度,86.84,42.23,14
952,新疆省,新疆博湖 经度,86.53,41.95,14
953,新疆省,新疆尉梨 经度,86.24,41.36,14
954,新疆省,新疆轮台 经度,84.25,41.77,14
955,新疆省,新疆焉耆 经度,86.55,42.05,14
956,新疆省,新疆和田 经度,79.94,37.12,14
957,新疆省,新疆民丰 经度,82.63,37.07,14
958,新疆省,新疆策勒 经度,80.78,37.04,14
959,新疆省,新疆于田 经度,81.63,36.86,14
960,新疆省,新疆洛浦 经度,80.17,37.12,14
961,新疆省,新疆皮山 经度,78.29,37.06,14
962,新疆省,新疆墨玉 经度,79.74,37.31,14
963,新疆省,新疆阿克苏 经度,80.29,41.15,14
964,新疆省,新疆温宿 经度,80.24,41.29,14
965,新疆省,新疆拜城 经度,81.84,41.82,14
966,新疆省,新疆库车 经度,82.97,41.68,14
967,新疆省,新疆新和 经度,82.63,41.55,14
968,新疆省,新疆沙雅 经度,82.9,41.25,14
969,新疆省,新疆阿瓦提 经度,80.34,40.64,14
970,新疆省,新疆柯平 经度,79.06,40.55,14
971,新疆省,新疆乌什 经度,79.25,41.22,14
972,新疆省,新疆咯什 经度,75.94,39.52,14
973,新疆省,新疆巴楚 经度,78.59,39.78,14
974,新疆省,新疆枷师 经度,76.78,39.46,14
975,新疆省,新疆乐普湖 经度,76.67,39.23,14
976,新疆省,新疆麦盖提 经度,77.62,38.95,14
977,新疆省,新疆莎车 经度,77.25,38.45,14
978,新疆省,新疆泽普 经度,77.26,38.2,14
979,新疆省,新疆叶城 经度,77.42,37.89,14
980,新疆省,新疆疏勒 经度,76.05,39.41,14
981,新疆省,新疆英吉沙 经度,76.17,38.91,14
982,新疆省,新疆疏附 经度,75.83,39.42,14
983,新疆省,新疆塔什库尔干 经度,75.22,37.76,14
984,新疆省,新疆阿图什 经度,76.12,39.73,14
985,新疆省,新疆阿合奇 经度,78.42,41.91,14
986,新疆省,新疆阿克陶 经度,75.94,39.14,14
987,新疆省,新疆乌恰 经度,75.18,39.7,14
988,新疆省,新疆昌吉 经度,87.31,44.05,14
989,新疆省,新疆阜康 经度,87.94,44.14,14
990,新疆省,新疆奇台 经度,89.52,44.02,14
991,新疆省,新疆吉木萨尔 经度,89.14,44.0,14
992,新疆省,新疆米泉 经度,87.68,43.97,14
993,新疆省,新疆玛纳斯 经度,86.22,44.28,14
994,新疆省,新疆呼图壁 经度,86.92,44.18,14
995,新疆省,新疆木垒 经度,90.34,43.8,14
996,新疆省,新疆博乐 经度,82.1,44.93,14
997,新疆省,新疆精河 经度,82.92,44.67,14
998,新疆省,新疆温泉 经度,81.08,44.95,14
999,新疆省,新疆伊宁 经度,81.33,43.91,14
1000,新疆省,新疆尼勒克 经度,82.53,43.82,14
1001,新疆省,新疆新源 经度,83.27,43.41,14
1002,新疆省,新疆巩留 经度,82.23,43.35,14
1003,新疆省,新疆奎屯 经度,84.89,44.45,14
1004,新疆省,新疆特克斯 经度,81.81,43.23,14
1005,新疆省,新疆昭苏 经度,81.08,43.15,14
1006,新疆省,新疆霍城 经度,80.87,44.07,14
1007,新疆省,新疆察布察尔 经度,81.12,43.82,14
1008,新疆省,新疆塔城 经度,82.96,46.74,14
1009,新疆省,新疆额敏 经度,83.62,46.52,14
1010,新疆省,新疆乌苏 经度,84.62,44.45,14
1011,新疆省,新疆托里 经度,83.59,45.92,14
1012,新疆省,新疆裕民 经度,82.94,46.21,14
1013,新疆省,新疆沙湾 经度,85.56,44.29,14
1014,新疆省,新疆和布克赛尔 经度,85.13,46.78,14
1015,新疆省,新疆阿勒泰 经度,88.14,47.86,14
1016,新疆省,新疆青河 经度,90.37,46.71,14
1017,新疆省,新疆富蕴 经度,89.44,47.05,14
1018,新疆省,新疆福海 经度,87.51,47.15,14
1019,新疆省,新疆吉木乃 经度,85.84,47.42,14
1020,新疆省,新疆布尔津 经度,86.92,47.7,14
1021,新疆省,新疆哈巴河 经度,86.41,48.05,14
1022,江苏省,江苏南京 经度,118.78,32.04,15
1023,江苏省,江苏江宁 经度,118.83,31.95,15
1024,江苏省,江苏六合 经度,118.83,32.36,15
1025,江苏省,江苏江浦 经度,118.62,32.07,15
1026,江苏省,江苏徐州 经度,117.2,34.26,15
1027,江苏省,江苏连云港 经度,119.16,34.59,15
1028,江苏省,江苏南通 经度,120.86,32.01,15
1029,江苏省,江苏苏州 经度,120.62,31.32,15
1030,江苏省,江苏无锡 经度,120.29,31.59,15
1031,江苏省,江苏常州 经度,119.95,31.79,15
1032,江苏省,江苏丰县 经度,116.57,34.79,15
1033,江苏省,江苏沛县 经度,116.93,34.73,15
1034,江苏省,江苏赣榆 经度,119.11,34.83,15
1035,江苏省,江苏东海 经度,118.75,34.54,15
1036,江苏省,江苏新沂 经度,118.33,34.38,15
1037,江苏省,江苏邳县 经度,117.97,34.3,15
1038,江苏省,江苏睢宁 经度,117.94,33.89,15
1039,江苏省,江苏铜山 经度,117.2,34.26,15
1040,江苏省,江苏清江 经度,119.02,33.59,15
1041,江苏省,江苏灌云 经度,119.23,34.3,15
1042,江苏省,江苏灌南 经度,119.36,34.09,15
1043,江苏省,江苏沭阳 经度,118.79,34.12,15
1044,江苏省,江苏宿迁 经度,118.3,33.96,15
1045,江苏省,江苏泗阳 经度,118.68,33.73,15
1046,江苏省,江苏盱眙 经度,118.05,33.0,15
1047,江苏省,江苏涟水 经度,119.26,33.77,15
1048,江苏省,江苏淮阴 经度,119.02,33.62,15
1049,江苏省,江苏淮安 经度,119.15,33.5,15
1050,江苏省,江苏洪泽 经度,118.85,33.28,15
1051,江苏省,江苏泗洪 经度,118.23,33.46,15
1052,江苏省,江苏金湖 经度,119.02,33.01,15
1053,江苏省,江苏盐城 经度,120.13,33.38,15
1054,江苏省,江苏滨海 经度,119.84,34.01,15
1055,江苏省,江苏阜宁 经度,119.79,33.78,15
1056,江苏省,江苏射阳 经度,120.26,33.77,15
1057,江苏省,江苏建湖 经度,119.77,33.46,15
1058,江苏省,江苏响水 经度,119.56,34.2,15
1059,江苏省,江苏大丰 经度,120.45,33.19,15
1060,江苏省,江苏东台 经度,120.31,32.84,15
1061,江苏省,江苏海安 经度,120.45,32.57,15
1062,江苏省,江苏如皋 经度,120.56,32.39,15
1063,江苏省,江苏如东 经度,121.18,32.33,15
1064,江苏省,江苏启东 经度,121.66,31.8,15
1065,江苏省,江苏海门 经度,121.15,31.89,15
1066,江苏省,江苏南通 经度,120.86,32.01,15
1067,江苏省,江苏扬州 经度,119.42,32.39,15
1068,江苏省,江苏宝应 经度,119.32,33.23,15
1069,江苏省,江苏兴化 经度,119.82,32.93,15
1070,江苏省,江苏高邮 经度,119.45,32.78,15
1071,江苏省,江苏泰兴 经度,120.02,32.16,15
1072,江苏省,江苏泰县 经度,120.15,32.51,15
1073,江苏省,江苏泰州 经度,119.9,32.49,15
1074,江苏省,江苏靖江 经度,120.26,32.03,15
1075,江苏省,江苏江都 经度,119.55,32.43,15
1076,江苏省,江苏邗江 经度,119.42,32.39,15
1077,江苏省,江苏仪征 经度,119.16,32.27,15
1078,江苏省,江苏镇江 经度,119.44,32.2,15
1079,江苏省,江苏丹徒 经度,119.44,32.2,15
1080,江苏省,江苏扬中 经度,119.81,32.24,15
1081,江苏省,江苏丹阳 经度,119.55,32.0,15
1082,江苏省,江苏武进 经度,119.95,31.78,15
1083,江苏省,江苏宜兴 经度,119.82,31.36,15
1084,江苏省,江苏金坛 经度,119.56,31.74,15
1085,江苏省,江苏溧阳 经度,119.48,31.43,15
1086,江苏省,江苏句容 经度,119.16,31.95,15
1087,江苏省,江苏溧水 经度,119.02,31.65,15
1088,江苏省,江苏高淳 经度,118.87,31.32,15
1089,江苏省,江苏江阴 经度,120.26,31.91,15
1090,江苏省,江苏沙洲 经度,120.55,31.86,15
1091,江苏省,江苏常熟 经度,120.74,31.64,15
1092,江苏省,江苏太仓 经度,121.1,31.45,15
1093,江苏省,江苏昆山 经度,120.95,31.39,15
1094,江苏省,江苏吴县 经度,120.62,31.32,15
1095,江苏省,江苏吴江 经度,120.63,31.16,15
1096,江西省,江西南昌 经度,115.89,28.68,16
1097,江西省,江西新建 经度,115.8,28.69,16
1098,江西省,江西景德镇 经度,117.22,29.3,16
1099,江西省,江西萍乡 经度,113.85,27.6,16
1100,江西省,江西九江 经度,115.97,29.71,16
1101,江西省,江西彭泽 经度,116.56,29.9,16
1102,江西省,江西湖口 经度,116.23,29.75,16
1103,江西省,江西都昌 经度,116.19,29.29,16
1104,江西省,江西星子 经度,116.03,29.47,16
1105,江西省,江西永修 经度,115.82,29.04,16
1106,江西省,江西德安 经度,115.75,29.33,16
1107,江西省,江西瑞昌 经度,115.65,29.68,16
1108,江西省,江西武宁 经度,115.09,29.26,16
1109,江西省,江西修永 经度,114.55,29.04,16
1110,江西省,江西上饶 经度,117.97,28.47,16
1111,江西省,江西婺源 经度,117.83,29.25,16
1112,江西省,江西德兴 经度,117.58,28.96,16
1113,江西省,江西玉山 经度,118.25,28.68,16
1114,江西省,江西广丰 经度,118.2,28.45,16
1115,江西省,江西铅山 经度,117.71,28.32,16
1116,江西省,江西横峰 经度,117.62,28.42,16
1117,江西省,江西鹰潭 经度,117.02,28.23,16
1118,江西省,江西贵溪 经度,117.2,28.3,16
1119,江西省,江西余江 经度,116.82,28.22,16
1120,江西省,江西万年 经度,117.08,28.7,16
1121,江西省,江西乐平 经度,117.12,28.97,16
1122,江西省,江西波阳 经度,116.68,29.0,16
1123,江西省,江西于干 经度,116.69,28.7,16
1124,江西省,江西弋阳 经度,117.43,28.42,16
1125,江西省,江西宜春 经度,114.38,27.81,16
1126,江西省,江西万载 经度,114.44,28.11,16
1127,江西省,江西铜鼓 经度,114.37,28.53,16
1128,江西省,江西宜丰 经度,114.78,28.4,16
1129,江西省,江西上高 经度,114.91,28.25,16
1130,江西省,江西安义 经度,115.55,28.86,16
1131,江西省,江西奉新 经度,115.38,28.71,16
1132,江西省,江西高安 经度,115.38,28.42,16
1133,江西省,江西丰城 经度,115.7,28.19,16
1134,江西省,江西清江 经度,115.54,28.07,16
1135,江西省,江西新余 经度,114.92,27.81,16
1136,江西省,江西分宜 经度,114.68,27.82,16
1137,江西省,江西靖安 经度,115.37,28.88,16
1138,江西省,江西抚州 经度,116.34,28.0,16
1139,江西省,江西临川 经度,116.29,27.95,16
1140,江西省,江西金溪 经度,116.77,27.92,16
1141,江西省,江西资溪 经度,117.06,27.7,16
1142,江西省,江西黎川 经度,116.91,27.3,16
1143,江西省,江西南丰 经度,116.52,27.22,16
1144,江西省,江西南城 经度,116.62,27.56,16
1145,江西省,江西宜黄 经度,116.2,27.55,16
1146,江西省,江西崇仁 经度,116.05,27.75,16
1147,江西省,江西乐安 经度,115.82,27.44,16
1148,江西省,江西东乡 经度,116.61,28.23,16
1149,江西省,江西进贤 经度,116.26,28.37,16
1150,江西省,江西吉安 经度,114.97,27.12,16
1151,江西省,江西新干 经度,115.4,27.77,16
1152,江西省,江西峡江 经度,115.15,27.56,16
1153,江西省,江西吉水 经度,115.14,27.22,16
1154,江西省,江西永丰 经度,115.42,27.33,16
1155,江西省,江西泰和 经度,114.88,26.81,16
1156,江西省,江西万安 经度,114.77,26.47,16
1157,江西省,江西遂川 经度,114.5,26.33,16
1158,江西省,江西宁冈 经度,113.97,26.71,16
1159,江西省,江西永新 经度,114.23,26.96,16
1160,江西省,江西莲花 经度,113.94,27.14,16
1161,江西省,江西安福 经度,114.62,27.39,16
1162,江西省,江西井冈山 经度,114.17,26.57,16
1163,江西省,江西赣州 经度,114.92,25.85,16
1164,江西省,江西广昌 经度,116.32,26.84,16
1165,江西省,江西石城 经度,116.32,26.34,16
1166,江西省,江西宁都 经度,116.0,26.46,16
1167,江西省,江西兴国 经度,115.33,26.32,16
1168,江西省,江西于都 经度,115.39,25.96,16
1169,江西省,江西瑞金 经度,116.02,25.89,16
1170,江西省,江西会昌 经度,115.79,25.58,16
1171,江西省,江西安远 经度,115.41,25.15,16
1172,江西省,江西寻乌 经度,115.64,24.96,16
1173,江西省,江西定南 经度,115.02,24.7,16
1174,江西省,江西龙南 经度,114.79,24.91,16
1175,江西省,江西全南 经度,114.53,24.76,16
1176,江西省,江西信丰 经度,114.94,25.39,16
1177,江西省,江西赣县 经度,114.02,25.85,16
1178,江西省,江西南康 经度,114.75,25.66,16
1179,江西省,江西上犹 经度,114.55,25.8,16
1180,江西省,江西崇义 经度,114.31,25.69,16
1181,江西省,江西大余 经度,114.36,25.39,16
1182,河北省,河北石家庄 经度,114.48,38.03,17
1183,河北省,河北唐山 经度,118.02,39.63,17
1184,河北省,河北行唐 经度,114.54,38.42,17
1185,河北省,河北灵寿 经度,114.38,38.31,17
1186,河北省,河北束鹿 经度,115.18,37.94,17
1187,河北省,河北晋县 经度,115.03,38.03,17
1188,河北省,河北藁城 经度,114.84,38.03,17
1189,河北省,河北高邑 经度,114.58,37.62,17
1190,河北省,河北赵县 经度,114.78,37.76,17
1191,河北省,河北井陉 经度,114.13,38.03,17
1192,河北省,河北获鹿 经度,114.03,38.08,17
1193,河北省,河北新乐 经度,114.67,38.33,17
1194,河北省,河北正定 经度,114.56,38.13,17
1195,河北省,河北深泽 经度,115.2,38.2,17
1196,河北省,河北无极 经度,114.96,38.16,17
1197,河北省,河北赞皇 经度,114.35,37.65,17
1198,河北省,河北元氏 经度,114.5,37.74,17
1199,河北省,河北栾城 经度,114.64,38.87,17
1200,河北省,河北平山 经度,114.24,38.2,17
1201,河北省,河北邯郸 经度,114.47,36.6,17
1202,河北省,河北永年 经度,114.5,36.77,17
1203,河北省,河北曲周 经度,114.92,36.78,17
1204,河北省,河北馆陶 经度,115.4,36.47,17
1205,河北省,河北魏县 经度,114.94,36.37,17
1206,河北省,河北成安 经度,114.68,36.43,17
1207,河北省,河北大名 经度,115.14,36.28,17
1208,河北省,河北涉县 经度,113.67,36.57,17
1209,河北省,河北鸡泽 经度,113.85,36.95,17
1210,河北省,河北丘县 经度,115.18,36.84,17
1211,河北省,河北广平 经度,114.94,36.49,17
1212,河北省,河北肥乡 经度,114.8,36.56,17
1213,河北省,河北临漳 经度,114.62,36.35,17
1214,河北省,河北磁县 经度,114.37,36.37,17
1215,河北省,河北武安 经度,114.2,36.7,17
1216,河北省,河北邢台 经度,114.48,37.05,17
1217,河北省,河北柏乡 经度,114.68,37.49,17
1218,河北省,河北宁普 经度,114.9,37.62,17
1219,河北省,河北隆尧 经度,114.75,37.35,17
1220,河北省,河北临西 经度,115.5,36.87,17
1221,河北省,河北南官 经度,115.37,37.37,17
1222,河北省,河北巨鹿 经度,115.03,37.22,17
1223,河北省,河北任县 经度,114.68,37.11,17
1224,河北省,河北沙河 经度,114.52,36.94,17
1225,河北省,河北临城 经度,114.5,37.43,17
1226,河北省,河北内丘 经度,114.5,37.28,17
1227,河北省,河北新河 经度,115.22,37.53,17
1228,河北省,河北清河 经度,115.67,37.07,17
1229,河北省,河北威县 经度,115.08,36.97,17
1230,河北省,河北广宗 经度,115.14,37.06,17
1231,河北省,河北平乡 经度,115.02,37.06,17
1232,河北省,河北南和 经度,114.71,37.0,17
1233,河北省,河北保定 经度,115.48,38.85,17
1234,河北省,河北涞水 经度,115.71,39.39,17
1235,河北省,河北涿县 经度,115.98,39.48,17
1236,河北省,河北定兴 经度,115.78,39.28,17
1237,河北省,河北容城 经度,115.86,39.06,17
1238,河北省,河北安新 经度,115.92,38.92,17
1239,河北省,河北蠡县 经度,115.58,38.49,17
1240,河北省,河北博野 经度,115.46,38.46,17
1241,河北省,河北定县 经度,114.02,38.52,17
1242,河北省,河北阜平 经度,114.18,38.85,17
1243,河北省,河北唐县 经度,114.97,38.75,17
1244,河北省,河北涞源 经度,114.67,39.37,17
1245,河北省,河北易县 经度,115.49,39.35,17
1246,河北省,河北新城 经度,115.84,39.34,17
1247,河北省,河北雄县 经度,116.1,38.98,17
1248,河北省,河北徐水 经度,115.65,39.02,17
1249,河北省,河北高阳 经度,115.78,38.68,17
1250,河北省,河北安国 经度,115.3,38.41,17
1251,河北省,河北清苑 经度,115.47,38.76,17
1252,河北省,河北望都 经度,115.14,38.71,17
1253,河北省,河北曲阳 经度,114.68,38.62,17
1254,河北省,河北完县 经度,115.12,38.84,17
1255,河北省,河北满城 经度,115.45,38.95,17
1256,河北省,河北张家口 经度,114.87,40.82,17
1257,河北省,河北康保 经度,114.6,41.87,17
1258,河北省,河北赤城 经度,115.82,40.92,17
1259,河北省,河北怀来 经度,115.54,40.4,17
1260,河北省,河北蔚县 经度,114.53,39.83,17
1261,河北省,河北宣化 经度,115.03,40.63,17
1262,河北省,河北张北 经度,114.7,41.15,17
1263,河北省,河北沽源 经度,115.68,41.68,17
1264,河北省,河北崇礼 经度,115.25,40.98,17
1265,河北省,河北涿鹿 经度,115.2,40.37,17
1266,河北省,河北阳原 经度,114.15,40.12,17
1267,河北省,河北怀安 经度,114.38,40.67,17
1268,河北省,河北尚义 经度,113.95,41.05,17
1269,河北省,河北万全 经度,114.73,40.84,17
1270,河北省,河北承德 经度,117.93,40.97,17
1271,河北省,河北围场 经度,117.72,41.95,17
1272,河北省,河北平泉 经度,118.68,41.02,17
1273,河北省,河北宽城 经度,118.47,40.62,17
1274,河北省,河北兴隆 经度,117.48,40.42,17
1275,河北省,河北滦平 经度,117.53,40.95,17
1276,河北省,河北隆化 经度,117.7,41.32,17
1277,河北省,河北青龙 经度,118.93,40.43,17
1278,河北省,河北丰宁 经度,116.63,41.2,17
1279,河北省,河北秦皇岛 经度,119.57,39.95,17
1280,河北省,河北迁西 经度,118.3,40.15,17
1281,河北省,河北迁安 经度,118.69,40.02,17
1282,河北省,河北昌黎 经度,119.15,39.72,17
1283,河北省,河北卢龙 经度,118.85,39.89,17
1284,河北省,河北滦南 经度,118.67,39.49,17
1285,河北省,河北玉田 经度,117.9,39.9,17
1286,河北省,河北唐海 经度,118.54,39.31,17
1287,河北省,河北遵化 经度,117.97,40.2,17
1288,河北省,河北抚宁 经度,119.22,39.88,17
1289,河北省,河北乐亭 经度,118.9,39.43,17
1290,河北省,河北滦县 经度,118.73,39.74,17
1291,河北省,河北丰南 经度,118.1,39.58,17
1292,河北省,河北丰润 经度,118.13,39.82,17
1293,河北省,河北廊坊 经度,116.7,39.53,17
1294,河北省,河北安次 经度,116.69,39.52,17
1295,河北省,河北三河 经度,117.06,39.97,17
1296,河北省,河北香河 经度,117.0,39.76,17
1297,河北省,河北霸县 经度,116.38,39.12,17
1298,河北省,河北固安 经度,116.29,39.44,17
1299,河北省,河北大城 经度,116.63,38.7,17
1300,河北省,河北文安 经度,116.45,38.87,17
1301,河北省,河北永清 经度,116.48,39.32,17
1302,河北省,河北大厂 经度,116.98,39.98,17
1303,河北省,河北沧州 经度,116.83,38.33,17
1304,河北省,河北黄骅 经度,117.33,38.4,17
1305,河北省,河北盐山 经度,117.22,38.07,17
1306,河北省,河北吴桥 经度,116.37,37.65,17
1307,河北省,河北东光 经度,116.52,37.89,17
1308,河北省,河北肃宁 经度,115.82,38.43,17
1309,河北省,河北河间 经度,116.07,38.45,17
1310,河北省,河北泊头 经度,116.56,38.08,17
1311,河北省,河北交河 经度,116.27,38.02,17
1312,河北省,河北青县 经度,116.8,38.58,17
1313,河北省,河北海兴 经度,117.85,38.17,17
1314,河北省,河北南皮 经度,116.7,38.05,17
1315,河北省,河北任丘 经度,116.08,38.72,17
1316,河北省,河北献县 经度,116.12,38.2,17
1317,河北省,河北孟村 经度,117.1,38.06,17
1318,河北省,河北衡水 经度,115.72,37.72,17
1319,河北省,河北饶阳 经度,115.74,38.24,17
1320,河北省,河北阜城 经度,116.14,37.87,17
1321,河北省,河北景县 经度,116.26,37.69,17
1322,河北省,河北枣强 经度,115.72,37.52,17
1323,河北省,河北深县 经度,115.56,38.02,17
1324,河北省,河北安平 经度,115.5,38.22,17
1325,河北省,河北武强 经度,115.96,38.03,17
1326,河北省,河北武邑 经度,115.9,37.81,17
1327,河北省,河北故城 经度,115.96,37.36,17
1328,河北省,河北冀县 经度,115.56,37.59,17
1329,河南省,河南郑州 经度,113.65,34.76,18
1330,河南省,河南荥阳 经度,113.35,34.79,18
1331,河南省,河南开封 经度,114.35,34.79,18
1332,河南省,河南平顶山 经度,113.29,33.75,18
1333,河南省,河南洛阳 经度,112.44,34.7,18
1334,河南省,河南焦作 经度,113.21,35.24,18
1335,河南省,河南鹤壁 经度,114.17,35.9,18
1336,河南省,河南杞县 经度,114.77,34.56,18
1337,河南省,河南尉氏 经度,114.17,34.41,18
1338,河南省,河南新郑 经度,113.71,34.4,18
1339,河南省,河南登封 经度,113.02,34.46,18
1340,河南省,河南通许 经度,114.46,34.48,18
1341,河南省,河南中牟 经度,114.0,34.73,18
1342,河南省,河南密县 经度,113.35,34.51,18
1343,河南省,河南巩县 经度,112.96,34.76,18
1344,河南省,河南兰考 经度,114.81,34.69,18
1345,河南省,河南新乡 经度,113.85,35.31,18
1346,河南省,河南汲县 经度,114.05,35.44,18
1347,河南省,河南封丘 经度,114.04,35.03,18
1348,河南省,河南获嘉 经度,113.63,35.27,18
1349,河南省,河南温贺 经度,113.06,34.94,18
1350,河南省,河南济源 经度,112.57,35.08,18
1351,河南省,河南博爱 经度,113.05,35.16,18
1352,河南省,河南辉县 经度,113.77,35.46,18
1353,河南省,河南延津 经度,114.19,35.14,18
1354,河南省,河南原阳 经度,113.96,35.05,18
1355,河南省,河南武陟 经度,113.38,35.1,18
1356,河南省,河南孟县 经度,112.77,34.92,18
1357,河南省,河南沁阳 经度,112.92,35.08,18
1358,河南省,河南修武 经度,113.42,35.24,18
1359,河南省,河南安阳 经度,114.35,36.1,18
1360,河南省,河南南乐 经度,115.21,36.08,18
1361,河南省,河南范县 经度,115.46,35.9,18
1362,河南省,河南台前 经度,115.83,36.0,18
1363,河南省,河南滑县 经度,114.52,35.57,18
1364,河南省,河南浚县 经度,114.54,35.67,18
1365,河南省,河南淇县 经度,114.17,35.6,18
1366,河南省,河南内黄 经度,114.88,35.95,18
1367,河南省,河南清丰 经度,115.1,35.89,18
1368,河南省,河南濮阳 经度,114.98,35.71,18
1369,河南省,河南长垣 经度,114.67,35.19,18
1370,河南省,河南汤阴 经度,114.35,35.92,18
1371,河南省,河南林县 经度,113.81,36.06,18
1372,河南省,河南商丘 经度,115.65,34.44,18
1373,河南省,河南夏邑 经度,116.13,34.22,18
1374,河南省,河南柘城 经度,115.29,34.08,18
1375,河南省,河南睢县 经度,115.04,34.46,18
1376,河南省,河南虞城 经度,115.87,34.4,18
1377,河南省,河南永城 经度,116.37,33.94,18
1378,河南省,河南宁陵 经度,115.31,34.44,18
1379,河南省,河南民权 经度,115.13,34.65,18
1380,河南省,河南周口 经度,114.63,33.63,18
1381,河南省,河南商水 经度,114.59,33.54,18
1382,河南省,河南扶沟 经度,114.38,34.05,18
1383,河南省,河南鹿邑 经度,115.48,33.86,18
1384,河南省,河南淮阳 经度,114.88,33.74,18
1385,河南省,河南沈丘 经度,115.06,33.41,18
1386,河南省,河南西华 经度,114.5,33.79,18
1387,河南省,河南太康 经度,114.85,34.06,18
1388,河南省,河南郸城 经度,115.17,33.63,18
1389,河南省,河南项城 经度,114.9,33.44,18
1390,河南省,河南许昌 经度,113.81,34.02,18
1391,河南省,河南鄢县 经度,114.17,34.11,18
1392,河南省,河南郾城 经度,113.98,33.6,18
1393,河南省,河南襄城 经度,113.46,33.86,18
1394,河南省,河南鲁山 经度,112.88,33.74,18
1395,河南省,河南郏县 经度,113.19,33.98,18
1396,河南省,河南漯河 经度,114.02,33.56,18
1397,河南省,河南长葛 经度,113.77,34.22,18
1398,河南省,河南临颖 经度,113.94,33.81,18
1399,河南省,河南舞阳 经度,113.58,33.44,18
1400,河南省,河南叶县 经度,113.35,33.62,18
1401,河南省,河南宝丰 经度,113.04,33.86,18
1402,河南省,河南禹县 经度,113.47,34.16,18
1403,河南省,河南驻马店 经度,114.02,32.98,18
1404,河南省,河南确山 经度,114.02,32.83,18
1405,河南省,河南西平 经度,114.0,33.38,18
1406,河南省,河南汝南 经度,114.35,33.0,18
1407,河南省,河南新蔡 经度,114.97,32.75,18
1408,河南省,河南泌阳 经度,113.31,32.72,18
1409,河南省,河南遂平 经度,113.98,33.15,18
1410,河南省,河南上蔡 经度,114.26,33.25,18
1411,河南省,河南平舆 经度,114.62,32.97,18
1412,河南省,河南正阳 经度,114.38,32.62,18
1413,河南省,河南信阳 经度,114.08,32.13,18
1414,河南省,河南息县 经度,114.72,32.35,18
1415,河南省,河南固始 经度,115.68,32.17,18
1416,河南省,河南潢川 经度,115.04,32.13,18
1417,河南省,河南新县 经度,114.83,31.62,18
1418,河南省,河南罗山 经度,114.53,32.21,18
1419,河南省,河南淮滨 经度,115.41,32.44,18
1420,河南省,河南商城 经度,115.42,31.81,18
1421,河南省,河南光山 经度,114.91,32.02,18
1422,河南省,河南南阳 经度,112.53,33.01,18
1423,河南省,河南方城 经度,112.98,33.25,18
1424,河南省,河南唐河 经度,112.83,32.7,18
1425,河南省,河南新野 经度,112.36,32.51,18
1426,河南省,河南邓县 经度,112.08,32.68,18
1427,河南省,河南淅川 经度,111.47,33.14,18
1428,河南省,河南南召 经度,112.4,33.49,18
1429,河南省,河南社旗 经度,112.92,33.05,18
1430,河南省,河南桐柏 经度,113.4,32.37,18
1431,河南省,河南镇平 经度,112.23,33.03,18
1432,河南省,河南内乡 经度,111.83,33.05,18
1433,河南省,河南西峡 经度,111.5,33.31,18
1434,河南省,河南三门峡 经度,111.19,34.76,18
1435,河南省,河南孟津 经度,112.42,34.84,18
1436,河南省,河南临汝 经度,112.83,34.17,18
1437,河南省,河南汝阳 经度,112.46,34.16,18
1438,河南省,河南嵩县 经度,112.07,34.14,18
1439,河南省,河南栾川 经度,111.6,33.81,18
1440,河南省,河南灵宝 经度,110.85,34.52,18
1441,河南省,河南渑池 经度,111.75,34.76,18
1442,河南省,河南义马 经度,111.92,34.73,18
1443,河南省,河南偃师 经度,112.77,34.73,18
1444,河南省,河南伊川 经度,112.42,34.43,18
1445,河南省,河南宜阳 经度,112.15,34.51,18
1446,河南省,河南洛宁 经度,111.65,34.39,18
1447,河南省,河南卢氏 经度,111.03,34.06,18
1448,河南省,河南陕县 经度,111.19,34.76,18
1449,河南省,河南新安 经度,112.14,34.75,18
1450,浙江省,浙江杭州 经度,120.19,30.26,19
1451,浙江省,浙江余杭 经度,120.3,30.43,19
1452,浙江省,浙江富阳 经度,119.95,30.07,19
1453,浙江省,浙江建德 经度,119.27,29.49,19
1454,浙江省,浙江临安 经度,119.72,30.23,19
1455,浙江省,浙江萧山 经度,120.25,30.16,19
1456,浙江省,浙江桐庐 经度,119.64,29.8,19
1457,浙江省,浙江淳安 经度,119.05,29.61,19
1458,浙江省,浙江宁波 经度,121.56,29.86,19
1459,浙江省,浙江镇海 经度,121.72,29.96,19
1460,浙江省,浙江温州 经度,120.65,28.01,19
1461,浙江省,浙江瓯海 经度,120.65,28.01,19
1462,浙江省,浙江永喜 经度,120.68,28.16,19
1463,浙江省,浙江洞头 经度,121.12,27.84,19
1464,浙江省,浙江平阳 经度,120.55,27.68,19
1465,浙江省,浙江泰顺 经度,119.7,27.57,19
1466,浙江省,浙江乐清 经度,120.94,28.14,19
1467,浙江省,浙江瑞安 经度,120.62,27.8,19
1468,浙江省,浙江文成 经度,120.08,27.08,19
1469,浙江省,浙江苍南 经度,120.36,27.53,19
1470,浙江省,浙江湖州 经度,120.1,30.86,19
1471,浙江省,浙江平湖 经度,121.02,30.7,19
1472,浙江省,浙江桐乡 经度,120.54,30.64,19
1473,浙江省,浙江安吉 经度,119.68,30.68,19
1474,浙江省,浙江嘉善 经度,120.92,30.84,19
1475,浙江省,浙江嘉兴 经度,120.76,30.77,19
1476,浙江省,浙江海盐 经度,120.92,30.53,19
1477,浙江省,浙江海宁 经度,120.69,30.53,19
1478,浙江省,浙江德清 经度,120.08,30.54,19
1479,浙江省,浙江长兴 经度,119.91,30.01,19
1480,浙江省,浙江定海 经度,122.11,30.03,19
1481,浙江省,浙江岱山 经度,122.2,30.26,19
1482,浙江省,浙江嵊四 经度,122.45,30.72,19
1483,浙江省,浙江普陀 经度,122.3,29.97,19
1484,浙江省,浙江鄞县 经度,121.56,29.86,19
1485,浙江省,浙江象山 经度,121.8,29.48,19
1486,浙江省,浙江奉化 经度,121.41,29.66,19
1487,浙江省,浙江慈溪 经度,121.23,30.18,19
1488,浙江省,浙江宁海 经度,121.42,29.3,19
1489,浙江省,浙江余姚 经度,121.16,30.04,19
1490,浙江省,浙江绍兴 经度,120.58,30.01,19
1491,浙江省,浙江新昌 经度,120.89,29.49,19
1492,浙江省,浙江诸暨 经度,120.23,29.71,19
1493,浙江省,浙江上虞 经度,120.87,30.03,19
1494,浙江省,浙江嵊县 经度,120.81,29.6,19
1495,浙江省,浙江椒江 经度,121.44,28.67,19
1496,浙江省,浙江临海 经度,121.13,28.8,19
1497,浙江省,浙江三门 经度,121.38,29.11,19
1498,浙江省,浙江温岭 经度,121.36,28.36,19
1499,浙江省,浙江仙居 经度,120.73,28.85,19
1500,浙江省,浙江天台 经度,121.03,29.15,19
1501,浙江省,浙江黄岩 经度,121.27,28.64,19
1502,浙江省,浙江玉环 经度,121.23,28.14,19
1503,浙江省,浙江丽水 经度,119.92,28.45,19
1504,浙江省,浙江青田 经度,120.28,28.45,19
1505,浙江省,浙江庆无 经度,119.06,27.61,19
1506,浙江省,浙江遂昌 经度,119.25,28.59,19
1507,浙江省,浙江缙云 经度,120.6,28.66,19
1508,浙江省,浙江云和 经度,119.56,28.12,19
1509,浙江省,浙江龙泉 经度,119.13,28.08,19
1510,浙江省,浙江松阳 经度,119.48,28.46,19
1511,浙江省,浙江金华 经度,119.64,29.12,19
1512,浙江省,浙江浦江 经度,119.88,29.46,19
1513,浙江省,浙江东阳 经度,120.23,29.27,19
1514,浙江省,浙江武义 经度,119.81,28.9,19
1515,浙江省,浙江江山 经度,118.61,28.74,19
1516,浙江省,浙江开化 经度,118.39,29.15,19
1517,浙江省,浙江衢州 经度,118.88,28.97,19
1518,浙江省,浙江兰溪 经度,119.48,29.19,19
1519,浙江省,浙江义乌 经度,120.06,29.32,19
1520,浙江省,浙江永康 经度,120.02,28.92,19
1521,浙江省,浙江常山 经度,118.5,28.9,19
1522,海南省,海南海口 经度,110.35,20.02,20
1523,海南省,海南琼山 经度,110.33,19.98,20
1524,海南省,海南文昌 经度,110.72,19.61,20
1525,海南省,海南定安 经度,110.31,19.68,20
1526,海南省,海南琼海 经度,110.46,19.25,20
1527,海南省,海南万宁 经度,110.39,18.8,20
1528,海南省,海南屯昌 经度,110.1,19.36,20
1529,海南省,海南澄迈 经度,110.0,19.75,20
1530,海南省,海南儋县 经度,109.57,19.52,20
1531,海南省,海南临高 经度,109.69,19.91,20
1532,海南省,海南保亭 经度,109.7,18.64,20
1533,海南省,海南白沙 经度,109.44,19.23,20
1534,海南省,海南琼中 经度,109.83,19.05,20
1535,海南省,海南陵水 经度,110.02,18.48,20
1536,海南省,海南崖县 经度,109.5,18.25,20
1537,海南省,海南乐东 经度,109.17,18.73,20
1538,海南省,海南东方 经度,108.64,19.09,20
1539,海南省,海南昌江 经度,109.03,19.25,20
1540,港澳台省,港澳台香港 经度,114.1,22.2,21
1541,港澳台省,港澳台澳门 经度,113.33,22.13,21
1542,港澳台省,港澳台台北 经度,121.5,25.05,21
1543,港澳台省,港澳台高雄 经度,120.37,22.64,21
1544,港澳台省,港澳台基隆 经度,121.73,25.14,21
1545,港澳台省,港澳台台中 经度,120.67,24.15,21
1546,港澳台省,港澳台台南 经度,120.19,22.98,21
1547,港澳台省,港澳台宜兰 经度,121.75,24.75,21
1548,港澳台省,港澳台桃园 经度,121.3,25.0,21
1549,港澳台省,港澳台新竹 经度,120.96,24.81,21
1550,湖北省,湖北武汉 经度,114.31,30.52,22
1551,湖北省,湖北武昌 经度,114.33,30.35,22
1552,湖北省,湖北汉阳 经度,114.02,30.57,22
1553,湖北省,湖北黄石 经度,115.09,30.2,22
1554,湖北省,湖北十堰 经度,110.79,32.65,22
1555,湖北省,湖北沙市 经度,112.24,30.32,22
1556,湖北省,湖北宜昌 经度,111.3,30.7,22
1557,湖北省,湖北襄樊 经度,112.14,30.02,22
1558,湖北省,湖北孝感 经度,113.91,31.92,22
1559,湖北省,湖北黄陂 经度,114.36,30.88,22
1560,湖北省,湖北汉川 经度,113.59,30.63,22
1561,湖北省,湖北云梦 经度,113.73,31.02,22
1562,湖北省,湖北应山 经度,113.81,31.62,22
1563,湖北省,湖北大悟 经度,114.09,31.56,22
1564,湖北省,湖北应城 经度,113.6,30.94,22
1565,湖北省,湖北安陆 经度,113.69,31.25,22
1566,湖北省,湖北鄂城 经度,114.87,30.38,22
1567,湖北省,湖北黄冈 经度,114.87,30.44,22
1568,湖北省,湖北新洲 经度,114.8,31.84,22
1569,湖北省,湖北红安 经度,114.61,31.29,22
1570,湖北省,湖北麻城 经度,115.0,31.17,22
1571,湖北省,湖北罗川 经度,115.37,30.79,22
1572,湖北省,湖北浠水 经度,115.22,30.46,22
1573,湖北省,湖北蕲春 经度,115.3,30.24,22
1574,湖北省,湖北黄梅 经度,115.93,30.09,22
1575,湖北省,湖北广济 经度,115.56,29.85,22
1576,湖北省,湖北英山 经度,115.57,30.75,22
1577,湖北省,湖北咸宁 经度,114.28,29.87,22
1578,湖北省,湖北阳新 经度,115.22,29.83,22
1579,湖北省,湖北通山 经度,114.52,29.6,22
1580,湖北省,湖北通城 经度,113.8,29.23,22
1581,湖北省,湖北嘉鱼 经度,113.91,29.97,22
1582,湖北省,湖北崇阳 经度,114.04,29.54,22
1583,湖北省,湖北蒲圻 经度,113.85,29.71,22
1584,湖北省,湖北荆门 经度,112.19,31.02,22
1585,湖北省,湖北江陵 经度,112.18,30.35,22
1586,湖北省,湖北钟祥 经度,112.58,31.17,22
1587,湖北省,湖北京山 经度,113.11,31.03,22
1588,湖北省,湖北监利 经度,112.9,29.83,22
1589,湖北省,湖北石首 经度,112.41,29.73,22
1590,湖南省,湖南长沙 经度,113.0,28.21,23
1591,湖南省,湖南望城 经度,112.8,28.37,23
1592,湖南省,湖南株洲 经度,113.16,27.83,23
1593,湖南省,湖南湘潭 经度,112.91,27.87,23
1594,湖南省,湖南衡阳 经度,112.61,26.89,23
1595,湖南省,湖南邵阳 经度,111.5,27.22,23
1596,湖南省,湖南岳阳 经度,113.09,29.37,23
1597,湖南省,湖南临湘 经度,113.42,29.48,23
1598,湖南省,湖南平江 经度,113.56,29.71,23
1599,湖南省,湖南泪罗 经度,113.05,28.8,23
1600,湖南省,湖南湘阴 经度,112.87,28.68,23
1601,湖南省,湖南华容 经度,112.55,29.52,23
1602,湖南省,湖南浏阳 经度,113.63,28.16,23
1603,湖南省,湖南醴陵 经度,113.5,27.67,23
1604,湖南省,湖南攸县 经度,113.32,27.01,23
1605,湖南省,湖南茶陵 经度,113.54,26.79,23
1606,湖南省,湖南酃县 经度,113.77,26.49,23
1607,湖南省,湖南湘乡 经度,112.5,27.75,23
1608,湖南省,湖南郴州 经度,113.0,25.79,23
1609,湖南省,湖南郴县 经度,113.0,25.79,23
1610,湖南省,湖南安仁 经度,113.27,26.71,23
1611,湖南省,湖南永兴 经度,113.11,26.13,23
1612,湖南省,湖南资兴 经度,113.39,25.95,23
1613,湖南省,湖南桂东 经度,113.91,25.08,23
1614,湖南省,湖南汝城 经度,113.68,25.54,23
1615,湖南省,湖南宜章 经度,113.96,25.41,23
1616,湖南省,湖南临武 经度,112.55,25.27,23
1617,湖南省,湖南嘉禾 经度,112.35,25.56,23
1618,湖南省,湖南桂阳 经度,112.72,25.73,23
1619,湖南省,湖南来阳 经度,112.84,26.41,23
1620,湖南省,湖南衡南 经度,112.61,26.89,23
1621,湖南省,湖南衡山 经度,112.86,27.25,23
1622,湖南省,湖南衡东 经度,112.95,27.1,23
1623,湖南省,湖南常宁 经度,112.39,26.38,23
1624,湖南省,湖南祁阳 经度,111.85,26.59,23
1625,湖南省,湖南祁东 经度,112.14,26.8,23
1626,湖南省,湖南衡阳 经度,112.61,26.89,23
1627,湖南省,湖南永州 经度,111.63,26.22,23
1628,湖南省,湖南零陵 经度,111.63,26.22,23
1629,湖南省,湖南新田 经度,112.21,25.91,23
1630,湖南省,湖南宁远 经度,111.95,25.6,23
1631,湖南省,湖南蓝山 经度,112.16,25.37,23
1632,湖南省,湖南双牌 经度,111.64,25.96,23
1633,湖南省,湖南江永 经度,111.33,25.41,23
1634,湖南省,湖南道县 经度,111.57,25.52,23
1635,湖南省,湖南东安 经度,111.28,26.41,23
1636,湖南省,湖南江华 经度,111.79,24.97,23
1637,湖南省,湖南新宁 经度,110.84,26.44,23
1638,湖南省,湖南武冈 经度,110.61,26.73,23
1639,湖南省,湖南隆回 经度,111.04,27.13,23
1640,湖南省,湖南绥宁 经度,110.14,25.59,23
1641,湖南省,湖南洞口 经度,110.57,27.06,23
1642,湖南省,湖南城步 经度,110.3,26.37,23
1643,湖南省,湖南娄底 经度,111.96,27.71,23
1644,湖南省,湖南涟源 经度,111.66,27.68,23
1645,湖南省,湖南新邵 经度,111.46,27.33,23
1646,湖南省,湖南双峰 经度,112.18,27.44,23
1647,湖南省,湖南冷水江 经度,111.41,27.68,23
1648,湖南省,湖南邵东 经度,111.73,27.25,23
1649,湖南省,湖南新化 经度,111.29,27.73,23
1650,湖南省,湖南怀化 经度,109.95,27.52,23
1651,湖南省,湖南黔阳 经度,110.14,27.33,23
1652,湖南省,湖南辰溪 经度,110.18,28.02,23
1653,湖南省,湖南沅陵 经度,110.39,28.46,23
1654,湖南省,湖南溆浦 经度,110.57,27.92,23
1655,湖南省,湖南会同 经度,109.71,26.86,23
1656,湖南省,湖南靖县 经度,109.68,26.57,23
1657,湖南省,湖南洪江 经度,109.96,27.1,23
1658,湖南省,湖南芷江 经度,109.78,27.44,23
1659,湖南省,湖南麻阳 经度,109.79,27.87,23
1660,湖南省,湖南通道 经度,109.77,26.16,23
1661,湖南省,湖南新晃 经度,109.16,27.37,23
1662,湖南省,湖南吉首 经度,109.71,28.3,23
1663,湖南省,湖南永顺 经度,109.84,29.0,23
1664,湖南省,湖南桑植 经度,110.16,29.38,23
1665,湖南省,湖南大庸 经度,110.48,29.13,23
1666,湖南省,湖南古丈 经度,109.91,28.62,23
1667,湖南省,湖南泸溪 经度,110.73,28.29,23
1668,湖南省,湖南凤凰 经度,109.43,27.92,23
1669,湖南省,湖南花垣 经度,109.46,28.59,23
1670,湖南省,湖南保靖 经度,109.64,28.7,23
1671,湖南省,湖南龙山 经度,109.42,29.64,23
1672,湖南省,湖南常德 经度,111.69,29.05,23
1673,湖南省,湖南临澧 经度,111.64,29.44,23
1674,湖南省,湖南澧县 经度,111.75,29.65,23
1675,湖南省,湖南安乡 经度,112.16,29.41,23
1676,湖南省,湖南津市 经度,111.87,29.64,23
1677,湖南省,湖南汉寿 经度,111.97,28.9,23
1678,湖南省,湖南桃源 经度,111.47,28.9,23
1679,湖南省,湖南慈利 经度,111.09,29.41,23
1680,湖南省,湖南石门 经度,111.35,29.59,23
1681,湖南省,湖南益阳 经度,112.33,28.6,23
1682,湖南省,湖南南县 经度,112.39,29.37,23
1683,湖南省,湖南沅江 经度,112.36,28.83,23
1684,湖南省,湖南宁乡 经度,112.55,28.27,23
1685,湖南省,湖南安化 经度,111.2,28.38,23
1686,湖南省,湖南桃江 经度,112.11,28.51,23
1687,甘肃省,甘肃兰州 经度,103.73,36.03,24
1688,甘肃省,甘肃永登 经度,103.25,36.73,24
1689,甘肃省,甘肃榆中 经度,104.09,35.87,24
1690,甘肃省,甘肃永昌 经度,101.94,38.23,24
1691,甘肃省,甘肃皋兰 经度,103.97,36.32,24
1692,甘肃省,甘肃定西 经度,104.57,35.57,24
1693,甘肃省,甘肃会宁 经度,105.08,35.72,24
1694,甘肃省,甘肃陇西 经度,104.61,34.98,24
1695,甘肃省,甘肃临洮 经度,103.88,35.39,24
1696,甘肃省,甘肃靖远 经度,104.71,36.54,24
1697,甘肃省,甘肃通渭 经度,105.27,35.24,24
1698,甘肃省,甘肃渭源 经度,104.19,35.17,24
1699,甘肃省,甘肃平凉 经度,106.68,35.51,24
1700,甘肃省,甘肃灵台 经度,107.61,35.1,24
1701,甘肃省,甘肃华亭 经度,106.65,35.21,24
1702,甘肃省,甘肃静宁 经度,105.73,35.51,24
1703,甘肃省,甘肃泾川 经度,107.38,35.31,24
1704,甘肃省,甘肃崇信 经度,107.05,35.27,24
1705,甘肃省,甘肃庄浪 经度,106.06,35.2,24
1706,甘肃省,甘肃庆阳 经度,107.88,36.03,24
1707,甘肃省,甘肃华池 经度,108.0,36.44,24
1708,甘肃省,甘肃庄宁 经度,108.43,35.5,24
1709,甘肃省,甘肃镇源 经度,107.22,35.7,24
1710,甘肃省,甘肃环县 经度,107.33,36.57,24
1711,甘肃省,甘肃合水 经度,108.02,35.81,24
1712,甘肃省,甘肃宁县 经度,107.94,35.17,24
1713,甘肃省,甘肃天水 经度,105.69,34.6,24
1714,甘肃省,甘肃徽县 经度,106.11,33.78,24
1715,甘肃省,甘肃礼县 经度,105.15,34.22,24
1716,甘肃省,甘肃武山 经度,104.88,34.69,24
1717,甘肃省,甘肃秦安 经度,105.69,34.89,24
1718,甘肃省,甘肃清水 经度,106.12,34.73,24
1719,甘肃省,甘肃两当 经度,106.28,33.9,24
1720,甘肃省,甘肃西和 经度,105.28,34.02,24
1721,甘肃省,甘肃甘谷 经度,105.35,34.7,24
1722,甘肃省,甘肃漳县 经度,104.48,34.87,24
1723,甘肃省,甘肃张家川 经度,106.23,35.0,24
1724,甘肃省,甘肃武都 经度,104.94,33.43,24
1725,甘肃省,甘肃宕昌 经度,104.38,34.06,24
1726,甘肃省,甘肃康县 经度,105.58,33.33,24
1727,甘肃省,甘肃成县 经度,105.7,33.75,24
1728,甘肃省,甘肃文县 经度,104.7,32.95,24
1729,甘肃省,甘肃临潭 经度,103.35,34.69,24
1730,甘肃省,甘肃舟曲 经度,104.38,33.81,24
1731,甘肃省,甘肃玛曲 经度,102.04,33.97,24
1732,甘肃省,甘肃下河 经度,102.46,35.21,24
1733,甘肃省,甘肃卓尼 经度,103.54,34.61,24
1734,甘肃省,甘肃迭部 经度,103.23,34.08,24
1735,甘肃省,甘肃碌曲 经度,102.5,34.6,24
1736,甘肃省,甘肃临夏 经度,103.22,35.62,24
1737,甘肃省,甘肃永靖 经度,103.34,35.97,24
1738,甘肃省,甘肃和政 经度,103.31,35.43,24
1739,甘肃省,甘肃康乐 经度,103.68,35.39,24
1740,甘肃省,甘肃广河 经度,103.54,35.46,24
1741,甘肃省,甘肃东乡 经度,103.39,35.68,24
1742,甘肃省,甘肃岷县 经度,104.04,34.41,24
1743,甘肃省,甘肃积石山 经度,102.85,35.74,24
1744,甘肃省,甘肃武威 经度,102.61,37.94,24
1745,甘肃省,甘肃民勤 经度,103.08,38.62,24
1746,甘肃省,甘肃古浪 经度,102.86,37.43,24
1747,甘肃省,甘肃景泰 经度,104.05,37.14,24
1748,甘肃省,甘肃天祝 经度,102.84,37.24,24
1749,甘肃省,甘肃张掖 经度,100.46,38.93,24
1750,甘肃省,甘肃民乐 经度,100.85,38.43,24
1751,甘肃省,甘肃临泽 经度,100.17,39.14,24
1752,甘肃省,甘肃山丹 经度,101.19,38.79,24
1753,甘肃省,甘肃高台 经度,99.84,39.14,24
1754,甘肃省,甘肃肃南 经度,99.57,38.86,24
1755,甘肃省,甘肃玉门 经度,97.58,39.81,24
1756,甘肃省,甘肃酒泉 经度,98.5,39.71,24
1757,甘肃省,甘肃敦煌 经度,94.71,40.13,24
1758,甘肃省,甘肃金塔 经度,98.92,39.97,24
1759,甘肃省,甘肃安西 经度,95.77,40.51,24
1760,甘肃省,甘肃阿克塞 经度,94.25,38.46,24
1761,甘肃省,甘肃肃北 经度,94.89,39.49,24
1762,福建省,福建福州 经度,119.3,26.08,25
1763,福建省,福建闽侯 经度,119.14,26.16,25
1764,福建省,福建厦门 经度,118.1,24.46,25
1765,福建省,福建同安 经度,118.15,24.74,25
1766,福建省,福建南平 经度,118.16,26.65,25
1767,福建省,福建南平 经度,118.16,26.65,25
1768,福建省,福建建瓯 经度,118.32,27.05,25
1769,福建省,福建浦城 经度,118.55,27.92,25
1770,福建省,福建邵武 经度,117.48,27.34,25
1771,福建省,福建顺昌 经度,117.8,26.8,25
1772,福建省,福建崇安 经度,118.02,27.76,25
1773,福建省,福建光泽 经度,117.34,27.54,25
1774,福建省,福建松溪 经度,118.77,27.53,25
1775,福建省,福建政和 经度,118.85,27.38,25
1776,福建省,福建宁德 经度,119.52,26.65,25
1777,福建省,福建福安 经度,119.65,27.09,25
1778,福建省,福建连江 经度,119.53,26.2,25
1779,福建省,福建福鼎 经度,120.2,27.34,25
1780,福建省,福建霞浦 经度,120.0,26.89,25
1781,福建省,福建吉田 经度,118.74,26.59,25
1782,福建省,福建罗源 经度,119.55,26.49,25
1783,福建省,福建寿宁 经度,119.5,27.47,25
1784,福建省,福建周宁 经度,119.36,27.12,25
1785,福建省,福建屏南 经度,118.98,26.92,25
1786,福建省,福建柘荣 经度,119.89,27.25,25
1787,福建省,福建莆田 经度,119.0,25.44,25
1788,福建省,福建仙游 经度,118.7,25.37,25
1789,福建省,福建福清 经度,119.39,25.73,25
1790,福建省,福建长乐 经度,119.52,25.96,25
1791,福建省,福建永泰 经度,118.95,25.88,25
1792,福建省,福建平潭 经度,119.78,25.51,25
1793,福建省,福建闽清 经度,118.86,26.21,25
1794,福建省,福建泉州 经度,118.58,24.93,25
1795,福建省,福建晋江 经度,118.57,24.82,25
1796,福建省,福建南安 经度,118.39,24.96,25
1797,福建省,福建惠安 经度,118.78,25.04,25
1798,福建省,福建安溪 经度,118.18,25.07,25
1799,福建省,福建永春 经度,118.3,25.34,25
1800,福建省,福建德化 经度,118.24,25.5,25
1801,福建省,福建金门 经度,118.34,24.43,25
1802,福建省,福建漳州 经度,117.35,24.52,25
1803,福建省,福建龙海 经度,117.79,24.44,25
1804,福建省,福建漳浦 经度,117.61,24.12,25
1805,福建省,福建诏安 经度,117.16,23.73,25
1806,福建省,福建平和 经度,117.3,24.38,25
1807,福建省,福建云霄 经度,117.34,23.99,25
1808,福建省,福建南靖 经度,117.35,24.51,25
1809,福建省,福建长泰 经度,117.75,24.62,25
1810,福建省,福建东山 经度,117.4,23.72,25
1811,福建省,福建华安 经度,117.53,25.0,25
1812,福建省,福建龙岩 经度,117.01,25.12,25
1813,福建省,福建上杭 经度,116.41,25.43,25
1814,福建省,福建永定 经度,116.81,24.76,25
1815,福建省,福建长汀 经度,116.37,25.85,25
1816,福建省,福建武平 经度,116.1,25.11,25
1817,福建省,福建连城 经度,116.75,25.72,25
1818,福建省,福建漳平 经度,117.4,25.3,25
1819,福建省,福建三明 经度,117.61,26.23,25
1820,福建省,福建龙溪 经度,118.17,26.18,25
1821,福建省,福建宁化 经度,116.64,26.26,25
1822,福建省,福建大田 经度,117.83,25.69,25
1823,福建省,福建永安 经度,117.37,25.97,25
1824,福建省,福建沙县 经度,117.77,26.41,25
1825,福建省,福建将乐 经度,117.45,26.73,25
1826,福建省,福建清流 经度,116.81,26.12,25
1827,福建省,福建建宁 经度,116.82,26.85,25
1828,福建省,福建泰宁 经度,117.15,26.92,25
1829,福建省,福建明溪 经度,117.18,26.36,25
1830,西藏自治区省,西藏自治区拉萨 经度,91.11,29.97,26
1831,西藏自治区省,西藏自治区林周 经度,91.24,30.2,26
1832,西藏自治区省,西藏自治区当雄 经度,91.05,30.51,26
1833,西藏自治区省,西藏自治区墨竹工卡 经度,91.77,29.77,26
1834,西藏自治区省,西藏自治区尼木 经度,90.14,29.44,26
1835,西藏自治区省,西藏自治区米林 经度,94.13,29.18,26
1836,西藏自治区省,西藏自治区墨脱 经度,95.26,29.22,26
1837,西藏自治区省,西藏自治区达孜 经度,91.39,29.63,26
1838,西藏自治区省,西藏自治区曲水 经度,90.7,29.39,26
1839,西藏自治区省,西藏自治区堆龙德庆 经度,90.96,29.67,26
1840,西藏自治区省,西藏自治区林芝 经度,94.25,29.59,26
1841,西藏自治区省,西藏自治区工布江达 经度,93.25,29.92,26
1842,西藏自治区省,西藏自治区那曲 经度,92.1,31.47,26
1843,西藏自治区省,西藏自治区巴青 经度,94.1,31.96,26
1844,西藏自治区省,西藏自治区比如 经度,93.68,31.53,26
1845,西藏自治区省,西藏自治区班戈 经度,90.05,31.35,26
1846,西藏自治区省,西藏自治区嘉黎 经度,93.46,30.63,26
1847,西藏自治区省,西藏自治区聂荣 经度,92.3,31.08,26
1848,西藏自治区省,西藏自治区索县 经度,93.71,31.92,26
1849,西藏自治区省,西藏自治区安多 经度,91.68,32.29,26
1850,西藏自治区省,西藏自治区申扎 经度,88.7,30.94,26
1851,西藏自治区省,西藏自治区吕都 经度,97.14,31.18,26
1852,西藏自治区省,西藏自治区贡觉 经度,98.29,30.86,26
1853,西藏自治区省,西藏自治区左贡 经度,97.9,29.68,26
1854,西藏自治区省,西藏自治区察隅 经度,97.49,28.62,26
1855,西藏自治区省,西藏自治区洛隆 经度,95.76,30.81,26
1856,西藏自治区省,西藏自治区丁青 经度,95.63,31.42,26
1857,西藏自治区省,西藏自治区波密 经度,95.75,29.92,26
1858,西藏自治区省,西藏自治区江达 经度,89.19,31.53,26
1859,西藏自治区省,西藏自治区察雅 经度,97.56,30.69,26
1860,西藏自治区省,西藏自治区芒康 经度,98.68,29.64,26
1861,西藏自治区省,西藏自治区八宿 经度,96.95,30.04,26
1862,西藏自治区省,西藏自治区边坝 经度,94.69,30.94,26
1863,西藏自治区省,西藏自治区类乌齐 经度,96.57,31.2,26
1864,西藏自治区省,西藏自治区乃东 经度,91.76,29.18,26
1865,西藏自治区省,西藏自治区加查 经度,92.6,29.09,26
1866,西藏自治区省,西藏自治区曲松 经度,92.11,29.08,26
1867,西藏自治区省,西藏自治区错那 经度,91.91,27.98,26
1868,西藏自治区省,西藏自治区穷结 经度,91.65,29.04,26
1869,西藏自治区省,西藏自治区贡嘎 经度,90.96,29.25,26
1870,西藏自治区省,西藏自治区浪卡子 经度,90.33,29.96,26
1871,西藏自治区省,西藏自治区桑日 经度,92.0,29.26,26
1872,西藏自治区省,西藏自治区朗县 经度,93.11,29.06,26
1873,西藏自治区省,西藏自治区隆子 经度,92.42,28.46,26
1874,西藏自治区省,西藏自治区措美 经度,91.4,28.49,26
1875,西藏自治区省,西藏自治区洛扎 经度,90.83,28.42,26
1876,西藏自治区省,西藏自治区扎囊 经度,91.26,29.22,26
1877,西藏自治区省,西藏自治区日喀则 经度,88.82,29.28,26
1878,西藏自治区省,西藏自治区定结 经度,87.77,28.38,26
1879,西藏自治区省,西藏自治区拉孜 经度,87.62,29.1,26
1880,西藏自治区省,西藏自治区聂拉木 经度,85.94,28.19,26
1881,西藏自治区省,西藏自治区谢通门 经度,88.25,29.43,26
1882,西藏自治区省,西藏自治区仲巴 经度,84.15,29.66,26
1883,西藏自治区省,西藏自治区康马 经度,89.67,28.57,26
1884,西藏自治区省,西藏自治区亚东 经度,88.93,27.55,26
1885,西藏自治区省,西藏自治区岗巴 经度,88.5,28.29,26
1886,西藏自治区省,西藏自治区南木林 经度,89.02,29.71,26
1887,西藏自治区省,西藏自治区萨迦 经度,88.0,28.87,26
1888,西藏自治区省,西藏自治区定日 经度,87.11,28.57,26
1889,西藏自治区省,西藏自治区吉隆 经度,85.29,28.94,26
1890,西藏自治区省,西藏自治区昂仁 经度,87.22,29.3,26
1891,西藏自治区省,西藏自治区江孜 经度,89.63,28.94,26
1892,西藏自治区省,西藏自治区仁布 经度,89.77,29.21,26
1893,西藏自治区省,西藏自治区白朗 经度,89.16,29.11,26
1894,西藏自治区省,西藏自治区萨嘎 经度,85.3,29.38,26
1895,西藏自治区省,西藏自治区噶尔 经度,80.0,32.08,26
1896,西藏自治区省,西藏自治区革吉 经度,81.13,32.45,26
1897,西藏自治区省,西藏自治区扎达 经度,79.76,31.47,26
1898,西藏自治区省,西藏自治区措勤 经度,85.16,31.06,26
1899,西藏自治区省,西藏自治区日上 经度,79.61,33.44,26
1900,西藏自治区省,西藏自治区改则 经度,84.1,32.33,26
1901,西藏自治区省,西藏自治区普兰 经度,81.18,30.37,26
1902,贵州省,贵州贵阳 经度,106.71,26.57,27
1903,贵州省,贵州六盘水 经度,104.82,26.58,27
1904,贵州省,贵州水城 经度,104.82,26.58,27
1905,贵州省,贵州盘县 经度,104.64,25.81,27
1906,贵州省,贵州六枝 经度,105.47,26.21,27
1907,贵州省,贵州遵义 经度,106.9,27.7,27
1908,贵州省,贵州绥阳 经度,107.19,27.95,27
1909,贵州省,贵州道真 经度,107.6,28.89,27
1910,贵州省,贵州凤冈 经度,107.72,27.97,27
1911,贵州省,贵州余庆 经度,107.88,27.22,27
1912,贵州省,贵州赤水 经度,105.69,28.57,27
1913,贵州省,贵州桐梓 经度,106.8,28.16,27
1914,贵州省,贵州正安 经度,107.43,28.56,27
1915,贵州省,贵州务川 经度,107.87,28.54,27
1916,贵州省,贵州湄潭 经度,107.5,27.76,27
1917,贵州省,贵州仁怀 经度,106.41,27.81,27
1918,贵州省,贵州习水 经度,106.2,28.33,27
1919,贵州省,贵州铜仁 经度,109.21,27.73,27
1920,贵州省,贵州玉屏 经度,108.91,27.24,27
1921,贵州省,贵州思南 经度,108.23,27.94,27
1922,贵州省,贵州德江 经度,108.13,28.27,27
1923,贵州省,贵州万山 经度,109.2,27.52,27
1924,贵州省,贵州江口 经度,108.82,27.68,27
1925,贵州省,贵州师阡 经度,108.24,27.52,27
1926,贵州省,贵州印江 经度,108.41,28.02,27
1927,贵州省,贵州沿河 经度,108.48,28.57,27
1928,贵州省,贵州松桃 经度,109.18,28.17,27
1929,贵州省,贵州毕节 经度,105.29,27.32,27
1930,贵州省,贵州黔西 经度,106.04,27.03,27
1931,贵州省,贵州织金 经度,105.76,26.66,27
1932,贵州省,贵州赫章 经度,104.71,27.13,27
1933,贵州省,贵州大方 经度,105.61,27.16,27
1934,贵州省,贵州金沙 经度,106.22,27.46,27
1935,贵州省,贵州钠雍 经度,105.38,26.77,27
1936,贵州省,贵州威宁 经度,104.28,26.87,27
1937,贵州省,贵州安顺 经度,105.92,26.25,27
1938,贵州省,贵州息烽 经度,106.73,27.1,27
1939,贵州省,贵州清镇 经度,106.46,26.56,27
1940,贵州省,贵州普定 经度,105.75,26.32,27
1941,贵州省,贵州开阳 经度,106.95,27.06,27
1942,贵州省,贵州修文 经度,106.59,26.84,27
1943,贵州省,贵州平坝 经度,106.26,26.42,27
1944,贵州省,贵州镇宁 经度,105.75,26.08,27
1945,贵州省,贵州紫云 经度,106.06,25.75,27
1946,贵州省,贵州关岭 经度,105.62,25.94,27
1947,贵州省,贵州兴义 经度,104.91,25.1,27
1948,贵州省,贵州普安 经度,104.96,25.79,27
1949,贵州省,贵州贞丰 经度,105.63,25.39,27
1950,贵州省,贵州望谟 经度,106.09,25.17,27
1951,贵州省,贵州册亭 经度,105.79,25.0,27
1952,贵州省,贵州安龙 经度,105.49,25.11,27
1953,贵州省,贵州兴仁 经度,105.18,25.44,27
1954,贵州省,贵州晴龙 经度,105.21,25.83,27
1955,贵州省,贵州凯里 经度,107.97,26.59,27
1956,贵州省,贵州施秉 经度,108.11,27.03,27
1957,贵州省,贵州镇远 经度,108.41,27.06,27
1958,贵州省,贵州天柱 经度,109.2,26.89,27
1959,贵州省,贵州剑河 经度,108.58,26.64,27
1960,贵州省,贵州黎平 经度,109.14,26.24,27
1961,贵州省,贵州从江 经度,108.9,25.76,27
1962,贵州省,贵州麻江 经度,107.58,26.49,27
1963,贵州省,贵州黄平 经度,107.89,26.89,27
1964,贵州省,贵州三穗 经度,108.68,26.98,27
1965,贵州省,贵州岑巩 经度,108.72,27.21,27
1966,贵州省,贵州锦屏 经度,109.18,26.7,27
1967,贵州省,贵州台江 经度,108.32,26.68,27
1968,贵州省,贵州榕江 经度,108.5,25.94,27
1969,贵州省,贵州雷山 经度,108.07,26.38,27
1970,贵州省,贵州丹寨 经度,107.79,26.21,27
1971,贵州省,贵州都匀 经度,107.53,26.72,27
1972,贵州省,贵州贵定 经度,107.22,26.58,27
1973,贵州省,贵州瓮安 经度,107.48,27.08,27
1974,贵州省,贵州平塘 经度,107.55,25.83,27
1975,贵州省,贵州长顺 经度,106.45,26.03,27
1976,贵州省,贵州惠水 经度,106.66,26.14,27
1977,贵州省,贵州荔波 经度,107.88,25.42,27
1978,贵州省,贵州福泉 经度,107.51,26.7,27
1979,贵州省,贵州独山 经度,107.54,25.84,27
1980,贵州省,贵州罗甸 经度,106.74,25.43,27
1981,贵州省,贵州龙里 经度,106.98,26.46,27
1982,贵州省,贵州三都 经度,107.86,26.0,27
1983,辽宁省,辽宁沈阳 经度,123.38,41.8,28
1984,辽宁省,辽宁新民 经度,122.83,42.0,28
1985,辽宁省,辽宁辽中 经度,122.7,41.52,28
1986,辽宁省,辽宁大连 经度,121.62,38.92,28
1987,辽宁省,辽宁金县 经度,121.7,39.13,28
1988,辽宁省,辽宁复县 经度,121.97,39.63,28
1989,辽宁省,辽宁新金 经度,121.95,39.55,28
1990,辽宁省,辽宁庄河 经度,22.97,39.7,28
1991,辽宁省,辽宁长海 经度,122.58,39.28,28
1992,辽宁省,辽宁鞍山 经度,122.85,41.12,28
1993,辽宁省,辽宁海城 经度,122.75,40.85,28
1994,辽宁省,辽宁台安 经度,122.4,41.4,28
1995,辽宁省,辽宁抚顺 经度,123.97,41.97,28
1996,辽宁省,辽宁新宾 经度,125.02,41.72,28
1997,辽宁省,辽宁清原 经度,124.9,42.13,28
1998,辽宁省,辽宁本溪 经度,123.73,41.3,28
1999,辽宁省,辽宁垣仁 经度,125.33,41.28,28
2000,辽宁省,辽宁锦州 经度,121.15,41.13,28
2001,辽宁省,辽宁锦县 经度,121.35,41.17,28
2002,辽宁省,辽宁义县 经度,121.22,41.55,28
2003,辽宁省,辽宁黑山 经度,122.12,41.7,28
2004,辽宁省,辽宁北镇 经度,121.8,41.6,28
2005,辽宁省,辽宁锦西 经度,120.83,40.77,28
2006,辽宁省,辽宁兴城 经度,120.68,40.63,28
2007,辽宁省,辽宁绥中 经度,120.32,40.35,28
2008,辽宁省,辽宁丹东 经度,124.37,40.13,28
2009,辽宁省,辽宁东沟 经度,124.13,39.97,28
2010,辽宁省,辽宁岫岩 经度,123.25,40.3,28
2011,辽宁省,辽宁凤城 经度,124.05,40.47,28
2012,辽宁省,辽宁宽甸 经度,124.77,40.75,28
2013,辽宁省,辽宁阜新 经度,121.65,42.0,28
2014,辽宁省,辽宁彰武 经度,122.52,42.42,28
2015,辽宁省,辽宁营口 经度,122.18,40.65,28
2016,辽宁省,辽宁盖县 经度,122.37,40.42,28
2017,辽宁省,辽宁盘山 经度,122.03,41.02,28
2018,辽宁省,辽宁大洼 经度,122.06,41.0,28
2019,辽宁省,辽宁辽阳 经度,123.17,41.28,28
2020,辽宁省,辽宁灯塔 经度,123.34,41.43,28
2021,辽宁省,辽宁铁岭 经度,123.85,42.32,28
2022,辽宁省,辽宁开原 经度,124.03,42.53,28
2023,辽宁省,辽宁昌图 经度,124.13,42.8,28
2024,辽宁省,辽宁铁法 经度,123.5,42.48,28
2025,辽宁省,辽宁康平 经度,123.33,42.75,28
2026,辽宁省,辽宁法库 经度,123.37,42.52,28
2027,辽宁省,辽宁西丰 经度,124.7,42.77,28
2028,辽宁省,辽宁朝阳 经度,120.42,41.58,28
2029,辽宁省,辽宁建昌 经度,119.78,40.82,28
2030,辽宁省,辽宁北票 经度,120.75,41.82,28
2031,辽宁省,辽宁凌源 经度,119.37,41.27,28
2032,辽宁省,辽宁建平 经度,119.63,41.38,28
2033,重庆市,重庆重庆 经度,106.54,29.59,29
2034,重庆市,重庆綦江 经度,106.56,29.41,29
2035,重庆市,重庆长寿 经度,106.64,29.01,29
2036,重庆市,重庆南桐 经度,107.04,29.86,29
2037,重庆市,重庆合川 经度,106.28,29.26,29
2038,重庆市,重庆潼南 经度,106.22,30.03,29
2039,重庆市,重庆铜梁 经度,105.8,30.16,29
2040,重庆市,重庆壁山 经度,106.03,29.86,29
2041,重庆市,重庆荣昌 经度,106.21,29.62,29
2042,重庆市,重庆大足 经度,105.59,29.4,29
2043,重庆市,重庆永川 经度,105.71,29.75,29
2044,重庆市,重庆万盛 经度,105.91,29.38,29
2045,陕西省,陕西西安 经度,108.95,34.27,30
2046,陕西省,陕西长安 经度,108.97,34.18,30
2047,陕西省,陕西铜川 经度,109.11,35.09,30
2048,陕西省,陕西耀县 经度,108.98,34.91,30
2049,陕西省,陕西宝鸡 经度,107.15,34.38,30
2050,陕西省,陕西凤翔 经度,107.39,34.53,30
2051,陕西省,陕西千阳 经度,107.13,34.65,30
2052,陕西省,陕西陇县 经度,106.86,34.91,30
2053,陕西省,陕西麟游 经度,107.8,34.69,30
2054,陕西省,陕西岐山 经度,107.63,34.46,30
2055,陕西省,陕西浮风 经度,107.87,34.38,30
2056,陕西省,陕西武功 经度,108.22,34.28,30
2057,陕西省,陕西眉县 经度,107.76,34.29,30
2058,陕西省,陕西太白 经度,107.3,34.09,30
2059,陕西省,陕西凤县 经度,106.51,33.93,30
2060,陕西省,陕西榆林 经度,109.77,38.3,30
2061,陕西省,陕西神木 经度,110.51,38.83,30
2062,陕西省,陕西府谷 经度,111.07,39.05,30
2063,陕西省,陕西佳县 经度,110.48,38.04,30
2064,陕西省,陕西米脂 经度,110.23,37.78,30
2065,陕西省,陕西吴堡 经度,110.73,37.49,30
2066,陕西省,陕西绥德 经度,110.24,37.49,30
2067,陕西省,陕西清涧 经度,110.15,37.11,30
2068,陕西省,陕西子洲 经度,110.05,37.45,30
2069,陕西省,陕西横山 经度,109.32,37.97,30
2070,陕西省,陕西靖边 经度,108.79,37.61,30
2071,陕西省,陕西定边 经度,107.59,37.6,30
2072,陕西省,陕西延安 经度,109.47,36.6,30
2073,陕西省,陕西安寨 经度,109.34,36.88,30
2074,陕西省,陕西子长 经度,109.65,37.16,30
2075,陕西省,陕西延川 经度,110.18,36.87,30
2076,陕西省,陕西延长 经度,110.02,36.59,30
2077,陕西省,陕西宜川 经度,110.15,36.04,30
2078,陕西省,陕西黄龙 经度,109.86,35.6,30
2079,陕西省,陕西洛川 经度,109.42,35.76,30
2080,陕西省,陕西宜君 经度,109.11,35.43,30
2081,陕西省,陕西黄陵 经度,109.27,35.6,30
2082,陕西省,陕西富县 经度,109.37,36.0,30
2083,陕西省,陕西甘泉 经度,109.37,36.29,30
2084,陕西省,陕西志丹 经度,108.78,36.84,30
2085,陕西省,陕西吴旗 经度,108.22,36.93,30
2086,陕西省,陕西咸阳 经度,108.72,34.36,30
2087,陕西省,陕西礼泉 经度,108.43,34.5,30
2088,陕西省,陕西永寿 经度,108.14,34.71,30
2089,陕西省,陕西彬县 经度,108.09,35.04,30
2090,陕西省,陕西长武 经度,107.8,35.22,30
2091,陕西省,陕西旬邑 经度,108.33,35.13,30
2092,陕西省,陕西淳化 经度,108.57,34.81,30
2093,陕西省,陕西泾阳 经度,108.84,34.53,30
2094,陕西省,陕西三原 经度,108.94,34.62,30
2095,陕西省,陕西高陵 经度,109.1,34.55,30
2096,陕西省,陕西户县 经度,108.61,34.12,30
2097,陕西省,陕西周至 经度,108.22,34.18,30
2098,陕西省,陕西兴平 经度,108.49,34.32,30
2099,陕西省,陕西乾县 经度,108.25,34.54,30
2100,陕西省,陕西渭南 经度,109.5,34.52,30
2101,陕西省,陕西蒲城 经度,109.59,34.97,30
2102,陕西省,陕西白水 经度,109.6,35.18,30
2103,陕西省,陕西成城 经度,109.93,35.2,30
2104,陕西省,陕西韩城 经度,110.45,35.47,30
2105,陕西省,陕西合阳 经度,110.15,35.24,30
2106,陕西省,陕西人荔 经度,109.96,34.82,30
2107,陕西省,陕西潼关 经度,110.25,34.56,30
2108,陕西省,陕西华阴 经度,110.09,34.58,30
2109,陕西省,陕西华县 经度,109.77,34.53,30
2110,陕西省,陕西蓝田 经度,109.32,34.17,30
2111,陕西省,陕西临潼 经度,109.22,34.38,30
2112,陕西省,陕西富平 经度,109.17,34.76,30
2113,陕西省,陕西商县 经度,109.96,33.88,30
2114,陕西省,陕西洛南 经度,110.15,34.11,30
2115,陕西省,陕西丹凤 经度,110.35,33.71,30
2116,陕西省,陕西商南 经度,110.88,33.54,30
2117,陕西省,陕西山阳 经度,109.91,33.55,30
2118,陕西省,陕西镇安 经度,109.16,33.45,30
2119,陕西省,陕西柞水 经度,109.14,33.69,30
2120,陕西省,陕西安康 经度,109.02,32.7,30
2121,陕西省,陕西旬阳 经度,109.35,32.83,30
2122,陕西省,陕西白河 经度,110.06,32.83,30
2123,陕西省,陕西平利 经度,109.37,32.41,30
2124,陕西省,陕西镇坪 经度,109.51,31.91,30
2125,陕西省,陕西岚皋 经度,108.89,32.3,30
2126,陕西省,陕西紫阳 经度,108.55,32.56,30
2127,陕西省,陕西汉阴 经度,108.53,32.9,30
2128,陕西省,陕西石泉 经度,108.26,33.05,30
2129,陕西省,陕西宁陕 经度,108.33,33.34,30
2130,陕西省,陕西汉中 经度,108.04,33.07,30
2131,陕西省,陕西留坝 经度,106.95,33.65,30
2132,陕西省,陕西城固 经度,107.32,33.16,30
2133,陕西省,陕西洋县 经度,107.56,33.23,30
2134,陕西省,陕西佛坪 经度,108.0,33.55,30
2135,陕西省,陕西西乡 经度,107.77,33.0,30
2136,陕西省,陕西镇巴 经度,107.91,32.56,30
2137,陕西省,陕西南郑 经度,106.93,33.0,30
2138,陕西省,陕西宁强 经度,106.25,32.82,30
2139,陕西省,陕西勉县 经度,106.68,33.16,30
2140,陕西省,陕西略阳 经度,106.16,33.34,30
2141,青海省,青海西宁 经度,101.74,36.56,31
2142,青海省,青海大通 经度,101.67,36.92,31
2143,青海省,青海平安 经度,102.09,36.47,31
2144,青海省,青海湟中 经度,101.57,36.49,31
2145,青海省,青海乐都 经度,102.38,36.49,31
2146,青海省,青海民和 经度,102.8,36.3,31
2147,青海省,青海湟源 经度,101.28,36.72,31
2148,青海省,青海互助 经度,101.95,36.84,31
2149,青海省,青海化隆 经度,102.3,36.11,31
2150,青海省,青海循化 经度,102.46,35.84,31
2151,青海省,青海门源 经度,101.62,37.37,31
2152,青海省,青海海晏 经度,100.99,36.89,31
2153,青海省,青海刚察 经度,100.17,37.32,31
2154,青海省,青海祁连 经度,100.22,38.2,31
2155,青海省,青海同仁 经度,102.0,35.54,31
2156,青海省,青海尖扎 经度,102.0,35.92,31
2157,青海省,青海泽库 经度,101.5,35.03,31
2158,青海省,青海河南 经度,101.62,34.75,31
2159,青海省,青海共和 经度,100.61,36.27,31
2160,青海省,青海贵德 经度,101.47,36.02,31
2161,青海省,青海贵南 经度,100.75,35.57,31
2162,青海省,青海同德 经度,100.63,35.24,31
2163,青海省,青海兴海 经度,99.99,35.6,31
2164,青海省,青海玛沁 经度,100.26,34.49,31
2165,青海省,青海甘德 经度,99.89,33.95,31
2166,青海省,青海久治 经度,101.47,33.46,31
2167,青海省,青海班玛 经度,100.73,32.92,31
2168,青海省,青海达日 经度,99.68,33.74,31
2169,青海省,青海玛多 经度,98.26,34.92,31
2170,青海省,青海玉树 经度,96.97,33.03,31
2171,青海省,青海称多 经度,97.12,33.35,31
2172,青海省,青海囊谦 经度,96.47,32.23,31
2173,青海省,青海杂多 经度,95.3,32.92,31
2174,青海省,青海治多 经度,95.6,33.86,31
2175,青海省,青海曲麻菜 经度,95.5,34.52,31
2176,青海省,青海格尔木 经度,94.9,36.41,31
2177,青海省,青海乌兰 经度,98.46,36.9,31
2178,青海省,青海都兰 经度,98.13,36.3,31
2179,青海省,青海天峻 经度,99.03,37.28,31
2180,黑龙江省,黑龙江哈尔滨 经度,126.63,45.75,32
2181,黑龙江省,黑龙江齐齐哈尔 经度,123.97,47.33,32
2182,黑龙江省,黑龙江鹤岗 经度,130.3,47.33,32
2183,黑龙江省,黑龙江双鸭山 经度,131.17,46.65,32
2184,黑龙江省,黑龙江鸡四 经度,130.97,45.3,32
2185,黑龙江省,黑龙江大庆 经度,125.03,46.58,32
2186,黑龙江省,黑龙江伊春 经度,128.92,47.73,32
2187,黑龙江省,黑龙江嘉荫 经度,130.0,48.93,32
2188,黑龙江省,黑龙江铁力 经度,128.08,47.98,32
2189,黑龙江省,黑龙江绥化 经度,127.0,46.63,32
2190,黑龙江省,黑龙江绥棱 经度,127.12,47.22,32
2191,黑龙江省,黑龙江海伦 经度,126.97,47.47,32
2192,黑龙江省,黑龙江庆安 经度,127.5,46.87,32
2193,黑龙江省,黑龙江兰西 经度,126.3,46.28,32
2194,黑龙江省,黑龙江肇东 经度,125.98,46.07,32
2195,黑龙江省,黑龙江肇州 经度,125.25,45.72,32
2196,黑龙江省,黑龙江肇源 经度,125.07,45.53,32
2197,黑龙江省,黑龙江安达 经度,125.33,46.42,32
2198,黑龙江省,黑龙江明水 经度,125.88,47.18,32
2199,黑龙江省,黑龙江青岗 经度,126.13,46.68,32
2200,黑龙江省,黑龙江望奎 经度,126.5,46.83,32
2201,黑龙江省,黑龙江黑河 经度,127.53,50.22,32
2202,黑龙江省,黑龙江爱辉 经度,127.53,50.22,32
2203,黑龙江省,黑龙江德都 经度,126.17,48.5,32
2204,黑龙江省,黑龙江通北 经度,126.8,49.76,32
2205,黑龙江省,黑龙江北安 经度,126.5,48.22,32
2206,黑龙江省,黑龙江孙吴 经度,127.5,49.22,32
2207,黑龙江省,黑龙江逊克 经度,128.42,49.57,32
2208,黑龙江省,黑龙江嫩江 经度,125.2,49.17,32
2209,黑龙江省,黑龙江佳木斯 经度,130.35,46.83,32
2210,黑龙江省,黑龙江桦川 经度,130.68,47.02,32
2211,黑龙江省,黑龙江萝北 经度,130.83,47.58,32
2212,黑龙江省,黑龙江绥滨 经度,131.83,47.3,32
2213,黑龙江省,黑龙江富锦 经度,132.02,47.23,32
2214,黑龙江省,黑龙江同江 经度,132.5,47.67,32
2215,黑龙江省,黑龙江抚远 经度,134.15,48.33,32
2216,黑龙江省,黑龙江饶河 经度,134.0,46.78,32
2217,黑龙江省,黑龙江七台河 经度,130.83,45.82,32
2218,黑龙江省,黑龙江宝清 经度,132.17,46.33,32
2219,黑龙江省,黑龙江集贤 经度,131.13,46.7,32
2220,黑龙江省,黑龙江勃利 经度,130.53,45.75,32
2221,黑龙江省,黑龙江桦南 经度,130.53,46.25,32
2222,黑龙江省,黑龙江依兰 经度,129.55,46.33,32
2223,黑龙江省,黑龙江汤源 经度,129.92,46.73,32
2224,黑龙江省,黑龙江牡丹江 经度,129.58,44.6,32
2225,黑龙江省,黑龙江林口 经度,130.23,45.3,32
2226,黑龙江省,黑龙江鸡东 经度,131.04,45.27,32
2227,黑龙江省,黑龙江密山 经度,131.85,45.53,32
2228,黑龙江省,黑龙江虎林 经度,133.97,45.75,32
2229,黑龙江省,黑龙江绥芬河 经度,131.17,44.38,32
2230,黑龙江省,黑龙江东宁 经度,131.12,44.07,32
2231,黑龙江省,黑龙江穆棱 经度,130.5,44.9,32
2232,黑龙江省,黑龙江宁安 经度,129.47,44.35,32
2233,黑龙江省,黑龙江海林 经度,129.35,44.57,32
2234,黑龙江省,黑龙江阿城 经度,126.95,45.52,32
2235,黑龙江省,黑龙江呼兰 经度,126.58,46.0,32
2236,黑龙江省,黑龙江巴彦 经度,127.38,46.08,32
2237,黑龙江省,黑龙江宾县 经度,127.48,45.75,32
2238,黑龙江省,黑龙江木兰 经度,128.03,45.95,32
2239,黑龙江省,黑龙江通河 经度,128.7,45.98,32
2240,黑龙江省,黑龙江方正 经度,128.8,45.83,32
2241,黑龙江省,黑龙江延寿 经度,128.35,45.47,32
2242,黑龙江省,黑龙江尚志 经度,127.95,45.22,32
2243,黑龙江省,黑龙江五常 经度,127.17,44.93,32
2244,黑龙江省,黑龙江双城 经度,126.32,45.53,32
2245,黑龙江省,黑龙江富裕 经度,124.4,47.8,32
2246,黑龙江省,黑龙江讷河 经度,124.85,48.48,32
2247,黑龙江省,黑龙江克山 经度,125.87,48.03,32
2248,黑龙江省,黑龙江克东 经度,126.22,48.03,32
2249,黑龙江省,黑龙江拜泉 经度,126.07,47.62,32
2250,黑龙江省,黑龙江依安 经度,125.3,47.92,32
2251,黑龙江省,黑龙江林甸 经度,124.87,47.18,32
2252,黑龙江省,黑龙江泰来 经度,123.45,46.4,32
2253,黑龙江省,黑龙江龙江 经度,123.18,47.35,32
2254,黑龙江省,黑龙江甘南 经度,123.48,47.9,32
2255,黑龙江省,黑龙江杜尔伯特 经度,124.44,46.86,32
2256,黑龙江省,黑龙江加格达奇 经度,124.07,50.42,32
2257,黑龙江省,黑龙江呼玛 经度,126.6,51.72,32
2258,黑龙江省,黑龙江塔河 经度,124.7,52.32,32
2259,黑龙江省,黑龙江漠河 经度,122.37,53.48,32
